=== BOT DE COMBOS · volcado de diagnóstico - Sun Sep 13 08:03:54 AM UTC 2026 ===

--- servicio ---
● poly-combos-bot.service - Poly Combos Bot (Telegram copy-trading)
     Loaded: loaded (/etc/systemd/system/poly-combos-bot.service; enabled; preset: enabled)
     Active: active (running) since Sun 2026-09-13 07:58:10 UTC; 5min ago
   Main PID: 4544 (python3)
      Tasks: 2 (limit: 4538)
     Memory: 30.3M (peak: 30.8M)
        CPU: 1.114s
     CGroup: /system.slice/poly-combos-bot.service

--- reinicios (historial real, no sólo el arranque actual) ---
Result=success
NRestarts=0
ExecMainStartTimestamp=Sun 2026-09-13 07:58:10 UTC
ExecMainPID=4544
ActiveEnterTimestamp=Sun 2026-09-13 07:58:10 UTC
   arranques/paradas que vio systemd (últimas 12 h):
Sep 13 07:08:53 bot-poly systemd[1]: Started poly-combos-bot.service - Poly Combos Bot (Telegram copy-trading).
Sep 13 07:58:10 bot-poly systemd[1]: Stopping poly-combos-bot.service - Poly Combos Bot (Telegram copy-trading)...
Sep 13 07:58:10 bot-poly systemd[1]: Stopped poly-combos-bot.service - Poly Combos Bot (Telegram copy-trading).
Sep 13 07:58:10 bot-poly systemd[1]: poly-combos-bot.service: Consumed 3.536s CPU time, 63.2M memory peak, 0B memory swap peak.
Sep 13 07:58:10 bot-poly systemd[1]: Started poly-combos-bot.service - Poly Combos Bot (Telegram copy-trading).
   arranques del bot según SU propio log (cada uno = un proceso nuevo):
[20:49:49] v12.4 cargado · modo=AUTO · stake=AUTO $5-$10 (según cuota/ventaja) · max 6/día · prob ≥60%
[16:21:17] v12.4 cargado · modo=AUTO · stake=AUTO $5-$10 (según cuota/ventaja) · max 10/día · prob ≥65%
[17:59:00] v12.4 cargado · modo=AUTO · stake=AUTO $5-$10 (según cuota/ventaja) · max 10/día · prob ≥65%
[17:36:46] v12.7 cargado · modo=AUTO · stake=AUTO $5-$10 (según cuota/ventaja) · max 10/día · prob ≥65%
[17:47:25] v12.8 cargado · modo=AUTO · stake=AUTO $5-$10 (según cuota/ventaja) · max 10/día · prob ≥65%
[18:05:16] v12.8.1 cargado · modo=AUTO · stake=AUTO $5-$10 (según cuota/ventaja) · max 10/día · prob ≥65%
[20:11:20] v12.8.1 cargado · modo=AUTO · stake=AUTO $5-$10 (según cuota/ventaja) · max 10/día · prob ≥65%
[21:19:52] v12.8.1 cargado · modo=AUTO · stake=AUTO $5-$10 (según cuota/ventaja) · max 10/día · prob ≥65%
[22:04:09] v12.8.4 cargado · modo=SEMI · stake=AUTO $5-$10 (según cuota/ventaja) · max 10/día · prob ≥65%
[06:05:50] v12.8.4 cargado · modo=AUTO · stake=AUTO $5-$10 (según cuota/ventaja) · max 10/día · prob ≥65%
[06:06:02] v12.8.4 cargado · modo=AUTO · stake=AUTO $5-$10 (según cuota/ventaja) · max 10/día · prob ≥65%
[06:16:35] v12.9.0 cargado · modo=SEMI · stake=AUTO $5-$10 (según cuota/ventaja) · max 10/día · prob ≥65%
[07:08:55] v12.9.0 cargado · modo=AUTO · stake=AUTO $5-$10 (según cuota/ventaja) · max 10/día · prob ≥65%
[07:58:10] v12.9.1 cargado · modo=AUTO · stake=AUTO $5-$10 (según cuota/ventaja) · max 10/día · prob ≥65%
   reinicios por systemd (si el bot se cayera solo, se vería aquí):
49

--- arranques de la MÁQUINA (no del bot) · v12.9.1 ---
   arranque actual: 2026-09-13 07:08:44
   reinicios/paradas que recuerda wtmp:
reboot   system boot  6.8.0-139-generi Sun Sep 13 07:08   still running
reboot   system boot  6.8.0-138-generi Wed Aug 26 16:10   still running
shutdown system down  6.8.0-138-generi Wed Aug 26 15:53 - 16:10  (00:17)
reboot   system boot  6.8.0-138-generi Wed Aug 26 15:35 - 15:53  (00:17)
shutdown system down  6.8.0-137-generi Wed Aug 26 15:35 - 15:35  (00:00)
reboot   system boot  6.8.0-137-generi Mon Aug 17 20:22 - 15:35 (8+19:12)
   boots que recuerda journald:
IDX BOOT ID                          FIRST ENTRY                 LAST ENTRY
 -1 59bbfd96edca4965b19695969da7a40f Sun 2026-09-06 10:34:55 UTC Sun 2026-09-13 07:07:25 UTC
  0 f32c12163e2e4dfca752290cc1b50054 Sun 2026-09-13 07:08:47 UTC Sun 2026-09-13 08:03:46 UTC
   OOM / panic / watchdog en el kernel de ESTE boot:
   carga y memoria ahora:
 08:03:54 up 55 min,  2 users,  load average: 0.10, 0.17, 0.12
               total        used        free      shared  buff/cache   available
Mem:            3819         909         204           4        2969        2910
   disco (/):
/dev/sda1        38G   13G   24G  35% /

--- versión instalada ---
POLY COMBOS BOT v12.9.1 — COMBOS REALES (parlays multi-leg) via RFQ
b42878a47182bd0a0943f4c46096662b  /opt/polymarket/poly_combos_bot.py

--- estado (resumen) ---
   1 abiertas · 61 archivadas · PnL archivadas $-0.66
   archivadas: ✅34 ❌23 🔒manuales 0
   última auditoría: 2026-09-13T07:58:43 · origen=auto reabiertas=0 corregidas=0 confirmadas=61 nuevas=0 · PnL -0.66→-0.66
   💰 reclamos avisados: 11 · $142.93
      saldo 0 on-chain: ya cobrada/vendida                   $   0.00 · 2026-09-11T18:05
      saldo 0 on-chain: ya cobrada/vendida                   $   0.00 · 2026-09-11T18:05
      saldo 0 on-chain: ya cobrada/vendida                   $   0.00 · 2026-09-11T18:05
      Dota 2: Team Liquid vs Vici Gaming (BO3) - 1win Esse   $  19.05 · 2026-09-12T19:35
      Counter-Strike: Imperial vs Procyon Gaming (BO3) - B   $  19.32 · 2026-09-12T19:35
      LoL: Baam Esports vs 3BL Esports (BO3) - Arabian Lea   $  14.04 · 2026-09-12T19:35
      LoL: Dark Passage vs Team Phoenix (BO3) - TCL Play-I   $  30.57 · 2026-09-12T19:35
      LoL: Hanwha Life Esports vs T1 - Game  + Will Real M   $  13.87 · 2026-09-12T22:17
      Will Real Madrid CF win on 2026-09-12? + Wake Forest   $  17.19 · 2026-09-12T22:17
      Counter-Strike: Heroic vs 1WIN (BO3) - + LoL: Cloud9   $  14.32 · 2026-09-13T02:17
   config: max_ops_día=10 · prob_min_auto=0.65 · intervalo=10 min · modo=AUTO · próxima pasada=1789286825.3075063
   📡 copy en papel: 3 traders · 10 señales (10 resueltas, 0 anuladas) · dedup 291 fills · 1 informes · gasto $0 (COPY_DINERO=False)
      · 0x2c335066             #6 · 300 compras/48h · 36 mercados · 57% deporte
      · pleaseplease123        #9 · 300 compras/48h · 14 mercados · 100% deporte
      · ripley86alien          #10 · 74 compras/48h · 3 mercados · 100% deporte
      Counter-Strike: Legacy vs MIBR (BO3) - FISSU 2026-09-12 · él 0.341 → nosotros 0.3525 (1.15 pts) · ❌ falló · 0 escaladas · $16719.38
      Will BV Borussia 09 Dortmund win on 2026-09- 2026-09-12 · él 0.77 → nosotros 0.775 (0.5 pts) · ✅ acertó · 1 escaladas · $40700.72
      Counter-Strike: BetBoom Team vs G2 (BO3) - F 2026-09-12 · él 0.64 → nosotros 0.635 (-0.5 pts) · ✅ acertó · 1 escaladas · $79816.92
      Noche UFC: Jean Silva vs. Jose Miguel Delgad 2026-09-13 · él 0.56 → nosotros 0.61 (5.0 pts) · ✅ acertó · 7 escaladas · $1910.77
      Chicago White Sox vs. St. Louis Cardinals    2026-09-13 · él 0.18 → nosotros 0.185 (0.5 pts) · ✅ acertó · 0 escaladas · $291.53
      Cincinnati Reds vs. Milwaukee Brewers        2026-09-13 · él 0.35 → nosotros 0.365 (1.5 pts) · ❌ falló · 0 escaladas · $1098.58
      Houston Astros vs. Tampa Bay Rays            2026-09-13 · él 0.24 → nosotros 0.195 (-4.5 pts) · ❌ falló · 2 escaladas · $3840.3
      Seattle Mariners vs. Athletics: O/U 9.5      2026-09-13 · él 0.49 → nosotros 0.505 (1.5 pts) · ❌ falló · 0 escaladas · $35801.78
      acierto 60.0% · PnL teórico al precio nuestro $+12.88 (ROI +25.8%)
   📜 últimas 14 archivadas (más reciente primero):
      2026-09-13T02:17 ✅ cuota 0.00 · stake $0.00 · PnL $+5.16 · cobro $0.00 · None + None
      2026-09-13T02:17 ❌ cuota 0.00 · stake $0.00 · PnL $-9.17 · cobro $0.00 · None + None
      2026-09-13T02:17 ✅ cuota 0.00 · stake $0.00 · PnL $+5.18 · cobro $0.00 · None + None
      2026-09-12T22:17 ✅ cuota 0.00 · stake $0.00 · PnL $+7.90 · cobro $0.00 · None + None
      2026-09-12T22:17 ❌ cuota 0.00 · stake $0.00 · PnL $-9.14 · cobro $0.00 · None + None
      2026-09-12T22:17 ❌ cuota 0.00 · stake $0.00 · PnL $-9.23 · cobro $0.00 · None + None
      2026-09-12T22:17 ✅ cuota 0.00 · stake $0.00 · PnL $+4.79 · cobro $0.00 · None + None
      2026-09-12T18:17 ❌ cuota 0.00 · stake $0.00 · PnL $-9.29 · cobro $0.00 · None + None
      2026-09-12T18:17 ❌ cuota 0.00 · stake $0.00 · PnL $-9.03 · cobro $0.00 · None + None
      2026-09-12T14:17 ✅ cuota 0.00 · stake $0.00 · PnL $+4.01 · cobro $13.81 · None + None
      2026-09-12T02:04 ✅ cuota 0.00 · stake $0.00 · PnL $+3.59 · cobro $8.59 · None + None
      2026-09-12T02:04 ✅ cuota 0.00 · stake $0.00 · PnL $+3.59 · cobro $8.59 · None + None
      2026-09-12T02:04 ↩️  cuota 0.00 · stake $0.00 · PnL $-0.09 · cobro $4.91 · 
      2026-09-12T02:04 ↩️  cuota 0.00 · stake $0.00 · PnL $-0.09 · cobro $4.91 · 
      claves de la última op: ['cerrado_en', 'combo_condition_id', 'combo_yes_position_id', 'condition_id', 'copiado_en', 'cuota_ejecutada', 'cuota_estimada', 'estado_rfq', 'extendida', 'fill_real', 'fin_previsto', 'fin_real', 'franja', 'fuente_verdad', 'legs', 'market_id', 'n_legs', 'order_id', 'pnl', 'precio_ejecutado', 'question', 'quote_id', 'real_token', 'resultado', 'rfq_id', 'size_shares', 'slug', 'stake_dolares', 'status', 'super', 'tags', 'tipo', 'tx_hash', 'volumen']
      últimas 24 h (desde 2026-09-12): 14 archivadas · ✅7 ❌5 · PnL $-11.82 · stake $0.00
   💉 inyectadas de agosto: 4 · $82.97 por cobrar

--- últimas 4000 líneas de /var/log/poly-combos-bot.log ---
[06:04:25] [AUTO] pasada (combos RFQ v11)
[06:04:25]   pagina 1: +50 mercados, 0 legs de deportes
[06:04:26]   pagina 2: +50 mercados, 0 legs de deportes
[06:04:26]   pagina 3: +50 mercados, 13 legs de deportes
[06:04:27]   pagina 4: +50 mercados, 59 legs de deportes
[06:04:27]   pagina 5: +50 mercados, 108 legs de deportes
[06:04:27] [COMBO] 2 legs · cuota est. 1.53 · stake $8.92 (AUTO)
[06:04:27]   · LoL: LOS vs FURIA Esports (BO5) - CBLOL Playoffs (p=0.74 vol=$22k)
[06:04:27]   · Will Real Madrid CF win on 2026-09-12? (p=0.88 vol=$20k)
[06:04:28]   RFQ create -> 200 {"rfq_id":"rfq-ba3f1c1fa97540bd8e8b88bb","status":"AWAITING_REQUESTER_ACCEPTANCE","expires_at":1789020273258,"request":{"rfq_id":"rfq-ba3f1c1fa97540bd8e8b88bb",
[06:04:28]   quote: cuota=1.51 blended=0.664 shares=13.21 total=$8.92
[06:04:28]   stake AUTO 0: RFQ 1.51 sin ventaja vs legs (est 1.53) — NO se acepta ($0)
[06:04:28]   ❌ combo: stake_auto_0_sin_margen
[06:14:28] [AUTO] pasada (combos RFQ v11)
[06:14:28]   pagina 1: +50 mercados, 0 legs de deportes
[06:14:29]   pagina 2: +50 mercados, 0 legs de deportes
[06:14:29]   pagina 3: +50 mercados, 13 legs de deportes
[06:14:29]   pagina 4: +50 mercados, 59 legs de deportes
[06:14:30]   pagina 5: +50 mercados, 108 legs de deportes
[06:14:30] [COMBO] 2 legs · cuota est. 1.53 · stake $8.92 (AUTO)
[06:14:30]   · LoL: LOS vs FURIA Esports (BO5) - CBLOL Playoffs (p=0.74 vol=$22k)
[06:14:30]   · Will Real Madrid CF win on 2026-09-12? (p=0.88 vol=$20k)
[06:14:31]   RFQ create -> 200 {"rfq_id":"rfq-7179c6eee3bf01ffaf83328f","status":"AWAITING_REQUESTER_ACCEPTANCE","expires_at":1789020876232,"request":{"rfq_id":"rfq-7179c6eee3bf01ffaf83328f",
[06:14:31]   quote: cuota=1.51 blended=0.664 shares=13.21 total=$8.92
[06:14:31]   stake AUTO 0: RFQ 1.51 sin ventaja vs legs (est 1.53) — NO se acepta ($0)
[06:14:31]   ❌ combo: stake_auto_0_sin_margen
[06:24:31] [AUTO] pasada (combos RFQ v11)
[06:24:31]   pagina 1: +50 mercados, 0 legs de deportes
[06:24:32]   pagina 2: +50 mercados, 0 legs de deportes
[06:24:32]   pagina 3: +50 mercados, 13 legs de deportes
[06:24:32]   pagina 4: +50 mercados, 59 legs de deportes
[06:24:33]   pagina 5: +50 mercados, 108 legs de deportes
[06:24:33] [COMBO] 2 legs · cuota est. 1.53 · stake $8.92 (AUTO)
[06:24:33]   · LoL: LOS vs FURIA Esports (BO5) - CBLOL Playoffs (p=0.74 vol=$22k)
[06:24:33]   · Will Real Madrid CF win on 2026-09-12? (p=0.88 vol=$20k)
[06:24:34]   RFQ create -> 200 {"rfq_id":"rfq-0467fa9b4c7c86ca2c3fd4b2","status":"AWAITING_REQUESTER_ACCEPTANCE","expires_at":1789021479181,"request":{"rfq_id":"rfq-0467fa9b4c7c86ca2c3fd4b2",
[06:24:34]   quote: cuota=1.51 blended=0.664 shares=13.21 total=$8.92
[06:24:34]   stake AUTO 0: RFQ 1.51 sin ventaja vs legs (est 1.53) — NO se acepta ($0)
[06:24:34]   ❌ combo: stake_auto_0_sin_margen
[06:34:34] [AUTO] pasada (combos RFQ v11)
[06:34:34]   pagina 1: +50 mercados, 0 legs de deportes
[06:34:35]   pagina 2: +50 mercados, 0 legs de deportes
[06:34:35]   pagina 3: +50 mercados, 13 legs de deportes
[06:34:35]   pagina 4: +50 mercados, 59 legs de deportes
[06:34:36]   pagina 5: +50 mercados, 108 legs de deportes
[06:34:36] [COMBO] 2 legs · cuota est. 1.53 · stake $8.92 (AUTO)
[06:34:36]   · LoL: LOS vs FURIA Esports (BO5) - CBLOL Playoffs (p=0.74 vol=$22k)
[06:34:36]   · Will Real Madrid CF win on 2026-09-12? (p=0.88 vol=$20k)
[06:34:36]   RFQ create -> 200 {"rfq_id":"rfq-3e60f8e34868ff0d20fdf883","status":"AWAITING_REQUESTER_ACCEPTANCE","expires_at":1789022081928,"request":{"rfq_id":"rfq-3e60f8e34868ff0d20fdf883",
[06:34:36]   quote: cuota=1.51 blended=0.664 shares=13.21 total=$8.92
[06:34:36]   stake AUTO 0: RFQ 1.51 sin ventaja vs legs (est 1.53) — NO se acepta ($0)
[06:34:37]   ❌ combo: stake_auto_0_sin_margen
[06:44:37] [AUTO] pasada (combos RFQ v11)
[06:44:37]   pagina 1: +50 mercados, 0 legs de deportes
[06:44:37]   pagina 2: +50 mercados, 0 legs de deportes
[06:44:38]   pagina 3: +50 mercados, 13 legs de deportes
[06:44:38]   pagina 4: +50 mercados, 59 legs de deportes
[06:44:39]   pagina 5: +50 mercados, 108 legs de deportes
[06:44:39] [COMBO] 2 legs · cuota est. 1.53 · stake $8.92 (AUTO)
[06:44:39]   · LoL: LOS vs FURIA Esports (BO5) - CBLOL Playoffs (p=0.74 vol=$22k)
[06:44:39]   · Will Real Madrid CF win on 2026-09-12? (p=0.88 vol=$21k)
[06:44:39]   RFQ create -> 200 {"rfq_id":"rfq-e2df1880854308d9faa7e67f","status":"AWAITING_REQUESTER_ACCEPTANCE","expires_at":1789022684884,"request":{"rfq_id":"rfq-e2df1880854308d9faa7e67f",
[06:44:39]   quote: cuota=1.51 blended=0.664 shares=13.21 total=$8.92
[06:44:39]   stake AUTO 0: RFQ 1.51 sin ventaja vs legs (est 1.53) — NO se acepta ($0)
[06:44:40]   ❌ combo: stake_auto_0_sin_margen
[06:54:40] [AUTO] pasada (combos RFQ v11)
[06:54:40]   pagina 1: +50 mercados, 0 legs de deportes
[06:54:40]   pagina 2: +50 mercados, 0 legs de deportes
[06:54:41]   pagina 3: +50 mercados, 13 legs de deportes
[06:54:41]   pagina 4: +50 mercados, 59 legs de deportes
[06:54:41]   pagina 5: +50 mercados, 107 legs de deportes
[06:54:41] [COMBO] 2 legs · cuota est. 1.53 · stake $8.92 (AUTO)
[06:54:41]   · LoL: LOS vs FURIA Esports (BO5) - CBLOL Playoffs (p=0.74 vol=$22k)
[06:54:41]   · Will Real Madrid CF win on 2026-09-12? (p=0.88 vol=$21k)
[06:54:42]   RFQ create -> 200 {"rfq_id":"rfq-796d07ecb3142e3466c748af","status":"AWAITING_REQUESTER_ACCEPTANCE","expires_at":1789023287699,"request":{"rfq_id":"rfq-796d07ecb3142e3466c748af",
[06:54:42]   quote: cuota=1.51 blended=0.664 shares=13.21 total=$8.92
[06:54:42]   stake AUTO 0: RFQ 1.51 sin ventaja vs legs (est 1.53) — NO se acepta ($0)
[06:54:42]   ❌ combo: stake_auto_0_sin_margen
[07:04:42] [AUTO] pasada (combos RFQ v11)
[07:04:43]   pagina 1: +50 mercados, 0 legs de deportes
[07:04:43]   pagina 2: +50 mercados, 0 legs de deportes
[07:04:43]   pagina 3: +50 mercados, 13 legs de deportes
[07:04:44]   pagina 4: +50 mercados, 59 legs de deportes
[07:04:44]   pagina 5: +50 mercados, 107 legs de deportes
[07:04:44] [COMBO] 2 legs · cuota est. 1.53 · stake $8.92 (AUTO)
[07:04:44]   · LoL: LOS vs FURIA Esports (BO5) - CBLOL Playoffs (p=0.74 vol=$23k)
[07:04:44]   · Will Real Madrid CF win on 2026-09-12? (p=0.88 vol=$21k)
[07:04:45]   RFQ create -> 200 {"rfq_id":"rfq-f3a590fbadcd4cbb34a50fc8","status":"AWAITING_REQUESTER_ACCEPTANCE","expires_at":1789023890532,"request":{"rfq_id":"rfq-f3a590fbadcd4cbb34a50fc8",
[07:04:45]   quote: cuota=1.51 blended=0.664 shares=13.21 total=$8.92
[07:04:45]   stake AUTO 0: RFQ 1.51 sin ventaja vs legs (est 1.53) — NO se acepta ($0)
[07:04:45]   ❌ combo: stake_auto_0_sin_margen
[07:06:32] loop err: The read operation timed out
[07:08:08] loop err: The read operation timed out
[07:14:45] [AUTO] pasada (combos RFQ v11)
[07:14:46]   pagina 1: +50 mercados, 0 legs de deportes
[07:14:46]   pagina 2: +50 mercados, 0 legs de deportes
[07:14:47]   pagina 3: +50 mercados, 12 legs de deportes
[07:14:47]   pagina 4: +50 mercados, 58 legs de deportes
[07:14:47]   pagina 5: +50 mercados, 106 legs de deportes
[07:14:47] [COMBO] 2 legs · cuota est. 1.53 · stake $8.92 (AUTO)
[07:14:47]   · LoL: LOS vs FURIA Esports (BO5) - CBLOL Playoffs (p=0.74 vol=$23k)
[07:14:47]   · Will Real Madrid CF win on 2026-09-12? (p=0.88 vol=$22k)
[07:14:48]   RFQ create -> 200 {"rfq_id":"rfq-87e5092a19b4c01481d7c065","status":"AWAITING_REQUESTER_ACCEPTANCE","expires_at":1789024493594,"request":{"rfq_id":"rfq-87e5092a19b4c01481d7c065",
[07:14:48]   quote: cuota=1.51 blended=0.664 shares=13.21 total=$8.92
[07:14:48]   stake AUTO 0: RFQ 1.51 sin ventaja vs legs (est 1.53) — NO se acepta ($0)
[07:14:48]   ❌ combo: stake_auto_0_sin_margen
[07:24:48] [AUTO] pasada (combos RFQ v11)
[07:24:49]   pagina 1: +50 mercados, 0 legs de deportes
[07:24:49]   pagina 2: +50 mercados, 0 legs de deportes
[07:24:49]   pagina 3: +50 mercados, 12 legs de deportes
[07:24:50]   pagina 4: +50 mercados, 58 legs de deportes
[07:24:50]   pagina 5: +50 mercados, 106 legs de deportes
[07:24:50] [COMBO] 2 legs · cuota est. 1.46 · stake $9.11 (AUTO)
[07:24:50]   · Counter-Strike: Astralis vs 5star - Map 1 Winner (p=0.79 vol=$32k)
[07:24:50]   · Will Real Madrid CF win on 2026-09-12? (p=0.88 vol=$22k)
[07:24:51]   RFQ create -> 200 {"rfq_id":"rfq-ae9d86d06d1866ed5c1cf76c","status":"AWAITING_REQUESTER_ACCEPTANCE","expires_at":1789025096542,"request":{"rfq_id":"rfq-ae9d86d06d1866ed5c1cf76c",
[07:24:51]   quote: cuota=1.23 blended=0.813 shares=11.10 total=$9.11
[07:24:51]   stake AUTO 0: RFQ 1.23 sin ventaja vs legs (est 1.46) — NO se acepta ($0)
[07:24:51]   ❌ combo: stake_auto_0_sin_margen
[07:34:51] [AUTO] pasada (combos RFQ v11)
[07:34:52]   pagina 1: +50 mercados, 0 legs de deportes
[07:34:52]   pagina 2: +50 mercados, 0 legs de deportes
[07:34:52]   pagina 3: +50 mercados, 14 legs de deportes
[07:34:53]   pagina 4: +50 mercados, 60 legs de deportes
[07:34:53]   pagina 5: +50 mercados, 108 legs de deportes
[07:34:53] [COMBO] 2 legs · cuota est. 1.52 · stake $8.95 (AUTO)
[07:34:53]   · Will Manchester United FC win on 2026-09-10? (p=0.89 vol=$44k)
[07:34:53]   · LoL: LOS vs FURIA Esports (BO5) - CBLOL Playoffs (p=0.74 vol=$23k)
[07:34:54]   RFQ create -> 200 {"rfq_id":"rfq-199b3d0ad8e788dea53d6c70","status":"AWAITING_REQUESTER_ACCEPTANCE","expires_at":1789025699585,"request":{"rfq_id":"rfq-199b3d0ad8e788dea53d6c70",
[07:34:54]   quote: cuota=1.49 blended=0.672 shares=13.11 total=$8.95
[07:34:54]   stake AUTO 0: RFQ 1.49 sin ventaja vs legs (est 1.52) — NO se acepta ($0)
[07:34:54]   ❌ combo: stake_auto_0_sin_margen
[07:43:18] loop err: The read operation timed out
[07:44:54] [AUTO] pasada (combos RFQ v11)
[07:44:55]   pagina 1: +50 mercados, 0 legs de deportes
[07:44:55]   pagina 2: +50 mercados, 0 legs de deportes
[07:44:55]   pagina 3: +50 mercados, 15 legs de deportes
[07:44:56]   pagina 4: +50 mercados, 61 legs de deportes
[07:44:56]   pagina 5: +50 mercados, 109 legs de deportes
[07:44:56] [COMBO] 2 legs · cuota est. 1.52 · stake $8.95 (AUTO)
[07:44:56]   · Will Manchester United FC win on 2026-09-10? (p=0.89 vol=$44k)
[07:44:56]   · LoL: LOS vs FURIA Esports (BO5) - CBLOL Playoffs (p=0.74 vol=$23k)
[07:44:57]   RFQ create -> 200 {"rfq_id":"rfq-d8501472fe82a0debe02e536","status":"AWAITING_REQUESTER_ACCEPTANCE","expires_at":1789026302675,"request":{"rfq_id":"rfq-d8501472fe82a0debe02e536",
[07:44:57]   quote: cuota=1.49 blended=0.672 shares=13.11 total=$8.95
[07:44:57]   stake AUTO 0: RFQ 1.49 sin ventaja vs legs (est 1.52) — NO se acepta ($0)
[07:44:57]   ❌ combo: stake_auto_0_sin_margen
[07:50:49] loop err: The read operation timed out
[07:54:57] [AUTO] pasada (combos RFQ v11)
[07:54:58]   pagina 1: +50 mercados, 0 legs de deportes
[07:54:58]   pagina 2: +50 mercados, 0 legs de deportes
[07:54:59]   pagina 3: +50 mercados, 15 legs de deportes
[07:54:59]   pagina 4: +50 mercados, 61 legs de deportes
[07:54:59]   pagina 5: +50 mercados, 109 legs de deportes
[07:54:59] [COMBO] 2 legs · cuota est. 1.41 · stake $9.26 (AUTO)
[07:54:59]   · Counter-Strike: Astralis vs 5star - Map 2 Winner (p=0.80 vol=$46k)
[07:54:59]   · Will Manchester United FC win on 2026-09-10? (p=0.89 vol=$45k)
[07:55:00]   RFQ create -> 200 {"rfq_id":"rfq-fa82b070b65d9717b4e2522a","status":"AWAITING_REQUESTER_ACCEPTANCE","expires_at":1789026905934,"request":{"rfq_id":"rfq-fa82b070b65d9717b4e2522a",
[07:55:00]   quote: cuota=1.24 blended=0.805 shares=11.39 total=$9.26
[07:55:00]   stake AUTO 0: RFQ 1.24 sin ventaja vs legs (est 1.41) — NO se acepta ($0)
[07:55:31]   ❌ combo: stake_auto_0_sin_margen
[08:05:01] [AUTO] pasada (combos RFQ v11)
[08:05:01]   pagina 1: +50 mercados, 0 legs de deportes
[08:05:01]   pagina 2: +50 mercados, 0 legs de deportes
[08:05:02]   pagina 3: +50 mercados, 15 legs de deportes
[08:05:02]   pagina 4: +50 mercados, 60 legs de deportes
[08:05:02]   pagina 5: +50 mercados, 108 legs de deportes
[08:05:02] [COMBO] 2 legs · cuota est. 1.44 · stake $9.17 (AUTO)
[08:05:02]   · Counter-Strike: PARIVISION vs magic - Map 2 Winner (p=0.85 vol=$199k)
[08:05:02]   · Counter-Strike: Astralis vs 5star - Map 2 Winner (p=0.81 vol=$46k)
[08:05:03]   RFQ create -> 200 {"rfq_id":"rfq-6315c66c2177708a829dfd76","status":"AWAITING_REQUESTER_ACCEPTANCE","expires_at":1789027508831,"request":{"rfq_id":"rfq-6315c66c2177708a829dfd76",
[08:05:03]   quote: cuota=1.24 blended=0.805 shares=11.28 total=$9.17
[08:05:03]   stake AUTO 0: RFQ 1.24 sin ventaja vs legs (est 1.44) — NO se acepta ($0)
[08:05:03]   ❌ combo: stake_auto_0_sin_margen
[08:15:04] [AUTO] pasada (combos RFQ v11)
[08:15:04]   pagina 1: +50 mercados, 0 legs de deportes
[08:15:04]   pagina 2: +50 mercados, 0 legs de deportes
[08:15:05]   pagina 3: +50 mercados, 14 legs de deportes
[08:15:05]   pagina 4: +50 mercados, 58 legs de deportes
[08:15:05]   pagina 5: +50 mercados, 106 legs de deportes
[08:15:05] [COMBO] 2 legs · cuota est. 1.35 · stake $9.44 (AUTO)
[08:15:05]   · Counter-Strike: Astralis vs 5star - Map 2 Winner (p=0.83 vol=$69k)
[08:15:05]   · Will Manchester United FC win on 2026-09-10? (p=0.89 vol=$45k)
[08:15:06]   RFQ create -> 200 {"rfq_id":"rfq-54d7ab54cf78401bf6cbae0a","status":"AWAITING_REQUESTER_ACCEPTANCE","expires_at":1789028111846,"request":{"rfq_id":"rfq-54d7ab54cf78401bf6cbae0a",
[08:15:06]   quote: cuota=1.26 blended=0.794 shares=11.77 total=$9.44
[08:15:06]   stake AUTO 0: RFQ 1.26 sin ventaja vs legs (est 1.35) — NO se acepta ($0)
[08:15:07]   ❌ combo: stake_auto_0_sin_margen
[08:25:07] [AUTO] pasada (combos RFQ v11)
[08:25:07]   pagina 1: +50 mercados, 0 legs de deportes
[08:25:07]   pagina 2: +50 mercados, 0 legs de deportes
[08:25:08]   pagina 3: +50 mercados, 14 legs de deportes
[08:25:08]   pagina 4: +50 mercados, 57 legs de deportes
[08:25:08]   pagina 5: +50 mercados, 105 legs de deportes
[08:25:08] [COMBO] 2 legs · cuota est. 1.4 · stake $9.29 (AUTO)
[08:25:08]   · LoL: T1 Academy vs Dplus KIA Challengers - Game 1 Winner (p=0.89 vol=$119k)
[08:25:08]   · Counter-Strike: Astralis vs 5star - Map 2 Winner (p=0.81 vol=$70k)
[08:25:09]   RFQ create -> 200 {"rfq_id":"rfq-f96ceeeff13eb743e87d7b26","status":"AWAITING_REQUESTER_ACCEPTANCE","expires_at":1789028714691,"request":{"rfq_id":"rfq-f96ceeeff13eb743e87d7b26",
[08:25:09]   quote: cuota=1.19 blended=0.839 shares=10.98 total=$9.29
[08:25:09]   NO acepto: cuota real 1.19 fuera de [1.2-2.5]
[08:25:09]   ❌ combo: cuota_real_1.19_fuera
[08:35:09] [AUTO] pasada (combos RFQ v11)
[08:35:10]   pagina 1: +50 mercados, 0 legs de deportes
[08:35:10]   pagina 2: +50 mercados, 0 legs de deportes
[08:35:10]   pagina 3: +50 mercados, 14 legs de deportes
[08:35:11]   pagina 4: +50 mercados, 57 legs de deportes
[08:35:11]   pagina 5: +50 mercados, 105 legs de deportes
[08:35:11] [COMBO] 2 legs · cuota est. 1.28 · stake $9.69 (AUTO)
[08:35:11]   · LoL: T1 Academy vs Dplus KIA Challengers - Game 1 Winner (p=0.95 vol=$119k)
[08:35:11]   · Counter-Strike: Astralis vs 5star - Map 2 Winner (p=0.81 vol=$70k)
[08:35:12]   RFQ create -> 200 {"rfq_id":"rfq-1cc2a7487c92d701f77b6dbc","status":"AWAITING_REQUESTER_ACCEPTANCE","expires_at":1789029317620,"request":{"rfq_id":"rfq-1cc2a7487c92d701f77b6dbc",
[08:35:12]   quote: cuota=1.32 blended=0.760 shares=12.60 total=$9.69
[08:35:12]   stake AUTO ajustado con cuota real: $9.69 -> $10.0
[08:35:13]   saldo CLOB ok: $185.99 >= $9.69
[08:35:13]   RFQ accept -> 200 {"rfq_id":"rfq-1cc2a7487c92d701f77b6dbc","status":"EXECUTING","taker_order_hash":"0xbd753ec9d31392cbf6c30b8e7821edaffb40d1bf25ed8bac126f690c2e4413b1"}

[08:35:20]   RFQ status final: CONFIRMED tx=0x5ec591b3cc906440ad218dcb
[08:35:50]   ✅ combo OK: {'oid': 'rfq-1cc2a7487c92d701f77b6dbc', 'status': 'CONFIRMED', 'cuota': 1.32}
[08:42:05] loop err: The read operation timed out
[08:45:10] [AUTO] pasada (combos RFQ v11)
[08:45:11]   pagina 1: +50 mercados, 0 legs de deportes
[08:45:11]   pagina 2: +50 mercados, 0 legs de deportes
[08:45:12]   pagina 3: +50 mercados, 11 legs de deportes
[08:45:12]   pagina 4: +50 mercados, 54 legs de deportes
[08:45:13]   pagina 5: +50 mercados, 103 legs de deportes
[08:45:13] [COMBO] 2 legs · cuota est. 1.43 · stake $9.2 (AUTO)
[08:45:13]   · Will Manchester United FC win on 2026-09-10? (p=0.90 vol=$48k)
[08:45:13]   · Istanbul 3: Max Basing vs Mert Alkaya (p=0.78 vol=$43k)
[08:45:14]   RFQ create -> 200 {"rfq_id":"rfq-80febd65f612a0625ee1a1f4","status":"AWAITING_REQUESTER_ACCEPTANCE","expires_at":1789029918997,"request":{"rfq_id":"rfq-80febd65f612a0625ee1a1f4",
[08:45:14]   quote: cuota=1.29 blended=0.778 shares=11.69 total=$9.20
[08:45:14]   stake AUTO 0: RFQ 1.29 sin ventaja vs legs (est 1.43) — NO se acepta ($0)
[08:45:14]   ❌ combo: stake_auto_0_sin_margen
[08:55:14] [AUTO] pasada (combos RFQ v11)
[08:55:14]   pagina 1: +50 mercados, 0 legs de deportes
[08:55:14]   pagina 2: +50 mercados, 0 legs de deportes
[08:55:15]   pagina 3: +50 mercados, 12 legs de deportes
[08:55:15]   pagina 4: +50 mercados, 55 legs de deportes
[08:55:16]   pagina 5: +50 mercados, 104 legs de deportes
[08:55:16] [COMBO] 2 legs · cuota est. 1.41 · stake $9.26 (AUTO)
[08:55:16]   · Counter-Strike: Nuclear TigeRES vs BET-M 33 (BO3) - PGL  (p=0.80 vol=$65k)
[08:55:16]   · Will Manchester United FC win on 2026-09-10? (p=0.90 vol=$48k)
[08:55:16]   RFQ create -> 200 {"rfq_id":"rfq-8292a2518247a7c189d549ac","status":"AWAITING_REQUESTER_ACCEPTANCE","expires_at":1789030521929,"request":{"rfq_id":"rfq-8292a2518247a7c189d549ac",
[08:55:16]   quote: cuota=1.25 blended=0.798 shares=11.48 total=$9.26
[08:55:16]   stake AUTO 0: RFQ 1.25 sin ventaja vs legs (est 1.41) — NO se acepta ($0)
[08:55:47]   ❌ combo: stake_auto_0_sin_margen
[09:05:17] [AUTO] pasada (combos RFQ v11)
[09:05:17]   pagina 1: +50 mercados, 0 legs de deportes
[09:05:18]   pagina 2: +50 mercados, 0 legs de deportes
[09:05:18]   pagina 3: +50 mercados, 12 legs de deportes
[09:05:19]   pagina 4: +50 mercados, 57 legs de deportes
[09:05:19]   pagina 5: +50 mercados, 106 legs de deportes
[09:05:19] [COMBO] 2 legs · cuota est. 1.37 · stake $9.38 (AUTO)
[09:05:19]   · Counter-Strike: Nuclear TigeRES vs BET-M 33 (BO3) - PGL  (p=0.81 vol=$65k)
[09:05:19]   · Will Manchester United FC win on 2026-09-10? (p=0.90 vol=$48k)
[09:05:50]   RFQ create -> 200 {"rfq_id":"rfq-43def8242d57cc4dff024690","status":"AWAITING_REQUESTER_ACCEPTANCE","expires_at":1789031155453,"request":{"rfq_id":"rfq-43def8242d57cc4dff024690",
[09:05:50]   quote: cuota=1.24 blended=0.804 shares=11.55 total=$9.38
[09:05:50]   stake AUTO 0: RFQ 1.24 sin ventaja vs legs (est 1.37) — NO se acepta ($0)
[09:05:50]   ❌ combo: stake_auto_0_sin_margen
[09:15:20] [AUTO] pasada (combos RFQ v11)
[09:15:21]   pagina 1: +50 mercados, 0 legs de deportes
[09:15:21]   pagina 2: +50 mercados, 0 legs de deportes
[09:15:21]   pagina 3: +50 mercados, 12 legs de deportes
[09:15:22]   pagina 4: +50 mercados, 55 legs de deportes
[09:15:22]   pagina 5: +50 mercados, 102 legs de deportes
[09:15:22] [COMBO] 2 legs · cuota est. 1.31 · stake $9.58 (AUTO)
[09:15:22]   · Counter-Strike: Nuclear TigeRES vs BET-M 33 (BO3) - PGL  (p=0.85 vol=$66k)
[09:15:22]   · Will Manchester United FC win on 2026-09-10? (p=0.90 vol=$49k)
[09:15:23]   RFQ create -> 200 {"rfq_id":"rfq-a360174754022d14d2677e19","status":"AWAITING_REQUESTER_ACCEPTANCE","expires_at":1789031728338,"request":{"rfq_id":"rfq-a360174754022d14d2677e19",
[09:15:23]   quote: cuota=1.25 blended=0.800 shares=11.86 total=$9.58
[09:15:23]   stake AUTO 0: RFQ 1.25 sin ventaja vs legs (est 1.31) — NO se acepta ($0)
[09:15:23]   ❌ combo: stake_auto_0_sin_margen
[09:25:23] [AUTO] pasada (combos RFQ v11)
[09:25:23]   pagina 1: +50 mercados, 0 legs de deportes
[09:25:24]   pagina 2: +50 mercados, 0 legs de deportes
[09:25:24]   pagina 3: +50 mercados, 12 legs de deportes
[09:25:25]   pagina 4: +50 mercados, 56 legs de deportes
[09:25:25]   pagina 5: +50 mercados, 103 legs de deportes
[09:25:25] [COMBO] 2 legs · cuota est. 1.29 · stake $9.65 (AUTO)
[09:25:25]   · Counter-Strike: Nuclear TigeRES vs BET-M 33 (BO3) - PGL  (p=0.86 vol=$66k)
[09:25:25]   · Will Manchester United FC win on 2026-09-10? (p=0.90 vol=$51k)
[09:25:26]   RFQ create -> 200 {"rfq_id":"rfq-15f9e8f8ce0da9f48e680acf","status":"AWAITING_REQUESTER_ACCEPTANCE","expires_at":1789032331272,"request":{"rfq_id":"rfq-15f9e8f8ce0da9f48e680acf",
[09:25:26]   quote: cuota=1.35 blended=0.742 shares=12.84 total=$9.65
[09:25:26]   stake AUTO ajustado con cuota real: $9.65 -> $10.0
[09:25:26]   saldo CLOB ok: $175.63 >= $9.65
[09:25:27]   RFQ accept -> 200 {"rfq_id":"rfq-15f9e8f8ce0da9f48e680acf","status":"FAILED","taker_order_hash":"0x41eb0051a6f65fa8022f86c323602b5cd467c769ce43d221ab154842b4d81ba3","error":{"cod
[09:25:27]   accept transitorio (200/PRE_EXECUTION_BALANCE_RESERVATION_FAILED): reintento único en 6s
[09:25:34]   RFQ accept retry -> 200 {"rfq_id":"rfq-15f9e8f8ce0da9f48e680acf","status":"FAILED","error":{"code":"PRE_EXECUTION_BALANCE_RESERVATION_FAILED","message":"pre execution balance reservati
[09:25:34]   ❌ combo: accept_PRE_EXECUTION_BALANCE_RESERVATION_FAILED
[09:35:24] [AUTO] pasada (combos RFQ v11)
[09:35:24]   pagina 1: +50 mercados, 0 legs de deportes
[09:35:25]   pagina 2: +50 mercados, 0 legs de deportes
[09:35:25]   pagina 3: +50 mercados, 12 legs de deportes
[09:35:26]   pagina 4: +50 mercados, 56 legs de deportes
[09:35:26]   pagina 5: +50 mercados, 103 legs de deportes
[09:35:26] [COMBO] 2 legs · cuota est. 1.39 · stake $9.32 (AUTO)
[09:35:26]   · Will Manchester United FC win on 2026-09-10? (p=0.90 vol=$51k)
[09:35:26]   · LoL: LOS vs FURIA Esports (BO5) - CBLOL Playoffs (p=0.81 vol=$26k)
[09:35:27]   RFQ create -> 200 {"rfq_id":"rfq-6f76859c0f0e422c7af70535","status":"AWAITING_REQUESTER_ACCEPTANCE","expires_at":1789032932269,"request":{"rfq_id":"rfq-6f76859c0f0e422c7af70535",
[09:35:27]   quote: cuota=1.36 blended=0.733 shares=12.55 total=$9.32
[09:35:27]   stake AUTO 0: RFQ 1.36 sin ventaja vs legs (est 1.39) — NO se acepta ($0)
[09:35:57]   ❌ combo: stake_auto_0_sin_margen
[09:45:27] [AUTO] pasada (combos RFQ v11)
[09:45:27]   pagina 1: +50 mercados, 0 legs de deportes
[09:45:28]   pagina 2: +50 mercados, 0 legs de deportes
[09:45:28]   pagina 3: +50 mercados, 12 legs de deportes
[09:45:29]   pagina 4: +50 mercados, 57 legs de deportes
[09:45:29]   pagina 5: +50 mercados, 102 legs de deportes
[09:45:29] [COMBO] 2 legs · cuota est. 1.48 · stake $9.05 (AUTO)
[09:45:29]   · Counter-Strike: Nuclear TigeRES vs BET-M 33 (BO3) - PGL  (p=0.76 vol=$67k)
[09:45:29]   · Will Manchester United FC win on 2026-09-10? (p=0.90 vol=$51k)
[09:45:30]   RFQ create -> 200 {"rfq_id":"rfq-19db085e5f1280a58db47050","status":"AWAITING_REQUESTER_ACCEPTANCE","expires_at":1789033535160,"request":{"rfq_id":"rfq-19db085e5f1280a58db47050",
[09:45:30]   quote: cuota=1.41 blended=0.707 shares=12.61 total=$9.05
[09:45:30]   stake AUTO 0: RFQ 1.41 sin ventaja vs legs (est 1.48) — NO se acepta ($0)
[09:45:30]   ❌ combo: stake_auto_0_sin_margen
[09:55:30] [AUTO] pasada (combos RFQ v11)
[09:55:30]   pagina 1: +50 mercados, 0 legs de deportes
[09:55:31]   pagina 2: +50 mercados, 0 legs de deportes
[09:55:31]   pagina 3: +50 mercados, 12 legs de deportes
[09:55:31]   pagina 4: +50 mercados, 56 legs de deportes
[09:55:32]   pagina 5: +50 mercados, 102 legs de deportes
[09:55:32] [COMBO] 2 legs · cuota est. 1.39 · stake $9.32 (AUTO)
[09:55:32]   · Will Manchester United FC win on 2026-09-10? (p=0.90 vol=$51k)
[09:55:32]   · LoL: LOS vs FURIA Esports (BO5) - CBLOL Playoffs (p=0.81 vol=$26k)
[09:55:33]   RFQ create -> 200 {"rfq_id":"rfq-d50403273214a4b88b69deef","status":"AWAITING_REQUESTER_ACCEPTANCE","expires_at":1789034138258,"request":{"rfq_id":"rfq-d50403273214a4b88b69deef",
[09:55:33]   quote: cuota=1.36 blended=0.733 shares=12.55 total=$9.32
[09:55:33]   stake AUTO 0: RFQ 1.36 sin ventaja vs legs (est 1.39) — NO se acepta ($0)
[09:55:33]   ❌ combo: stake_auto_0_sin_margen
[10:05:33] [AUTO] pasada (combos RFQ v11)
[10:05:33]   pagina 1: +50 mercados, 0 legs de deportes
[10:05:34]   pagina 2: +50 mercados, 0 legs de deportes
[10:05:34]   pagina 3: +50 mercados, 12 legs de deportes
[10:05:35]   pagina 4: +50 mercados, 55 legs de deportes
[10:05:35]   pagina 5: +50 mercados, 101 legs de deportes
[10:05:35] [COMBO] 2 legs · cuota est. 1.39 · stake $9.32 (AUTO)
[10:05:35]   · Will Manchester United FC win on 2026-09-10? (p=0.90 vol=$51k)
[10:05:35]   · LoL: LOS vs FURIA Esports (BO5) - CBLOL Playoffs (p=0.81 vol=$26k)
[10:05:36]   RFQ create -> 200 {"rfq_id":"rfq-7fce420a3e8746564666155f","status":"AWAITING_REQUESTER_ACCEPTANCE","expires_at":1789034741452,"request":{"rfq_id":"rfq-7fce420a3e8746564666155f",
[10:05:36]   quote: cuota=1.36 blended=0.733 shares=12.55 total=$9.32
[10:05:36]   stake AUTO 0: RFQ 1.36 sin ventaja vs legs (est 1.39) — NO se acepta ($0)
[10:05:36]   ❌ combo: stake_auto_0_sin_margen
[10:15:36] [AUTO] pasada (combos RFQ v11)
[10:15:37]   pagina 1: +50 mercados, 0 legs de deportes
[10:15:37]   pagina 2: +50 mercados, 0 legs de deportes
[10:15:37]   pagina 3: +50 mercados, 12 legs de deportes
[10:15:38]   pagina 4: +50 mercados, 55 legs de deportes
[10:15:38]   pagina 5: +50 mercados, 100 legs de deportes
[10:15:38] [COMBO] 2 legs · cuota est. 1.23 · stake $9.88 (AUTO)
[10:15:38]   · Will FC Bayern München win on 2026-09-10? (p=0.91 vol=$265k)
[10:15:38]   · Will Manchester United FC win on 2026-09-10? (p=0.90 vol=$52k)
[10:15:39]   RFQ create -> 200 {"rfq_id":"rfq-a10a6291aceb00b1b2f6ad7b","status":"AWAITING_REQUESTER_ACCEPTANCE","expires_at":1789035344552,"request":{"rfq_id":"rfq-a10a6291aceb00b1b2f6ad7b",
[10:15:39]   quote: cuota=1.22 blended=0.822 shares=11.91 total=$9.88
[10:15:39]   stake AUTO 0: RFQ 1.22 sin ventaja vs legs (est 1.23) — NO se acepta ($0)
[10:15:39]   ❌ combo: stake_auto_0_sin_margen
[10:25:39] [AUTO] pasada (combos RFQ v11)
[10:25:40]   pagina 1: +50 mercados, 0 legs de deportes
[10:25:40]   pagina 2: +50 mercados, 0 legs de deportes
[10:25:40]   pagina 3: +50 mercados, 11 legs de deportes
[10:25:41]   pagina 4: +50 mercados, 56 legs de deportes
[10:25:41]   pagina 5: +50 mercados, 100 legs de deportes
[10:25:41] [COMBO] 2 legs · cuota est. 1.44 · stake $9.17 (AUTO)
[10:25:41]   · Will FC Bayern München win on 2026-09-10? (p=0.91 vol=$273k)
[10:25:41]   · LoL: T1 Academy vs Dplus KIA Challengers (BO5) - LCK Cha (p=0.77 vol=$207k)
[10:25:42]   RFQ create -> 200 {"rfq_id":"rfq-52affaab72d156b55a740017","status":"AWAITING_REQUESTER_ACCEPTANCE","expires_at":1789035947417,"request":{"rfq_id":"rfq-52affaab72d156b55a740017",
[10:25:42]   quote: cuota=1.37 blended=0.732 shares=12.36 total=$9.17
[10:25:42]   stake AUTO 0: RFQ 1.37 sin ventaja vs legs (est 1.44) — NO se acepta ($0)
[10:25:42]   ❌ combo: stake_auto_0_sin_margen
[10:32:52] loop err: The read operation timed out
[10:35:42] [AUTO] pasada (combos RFQ v11)
[10:35:43]   pagina 1: +50 mercados, 0 legs de deportes
[10:35:43]   pagina 2: +50 mercados, 0 legs de deportes
[10:35:43]   pagina 3: +50 mercados, 11 legs de deportes
[10:35:44]   pagina 4: +50 mercados, 56 legs de deportes
[10:35:44]   pagina 5: +50 mercados, 100 legs de deportes
[10:35:44] [COMBO] 2 legs · cuota est. 1.45 · stake $9.14 (AUTO)
[10:35:44]   · Counter-Strike: Legacy vs FURIA (BO3) - FISSURE PLAYGROU (p=0.76 vol=$421k)
[10:35:44]   · Will FC Bayern München win on 2026-09-10? (p=0.91 vol=$273k)
[10:35:45]   RFQ create -> 200 {"rfq_id":"rfq-b8a53573ef0805bed7172897","status":"AWAITING_REQUESTER_ACCEPTANCE","expires_at":1789036550504,"request":{"rfq_id":"rfq-b8a53573ef0805bed7172897",
[10:35:45]   quote: cuota=1.59 blended=0.631 shares=14.23 total=$9.14
[10:35:45]   stake AUTO ajustado con cuota real: $9.14 -> $10.0
[10:35:45]   saldo CLOB ok: $175.67 >= $9.14
[10:35:46]   RFQ accept -> 200 {"rfq_id":"rfq-b8a53573ef0805bed7172897","status":"EXECUTING","taker_order_hash":"0xd0f257da2ad055ea04e07322521a30422473451c73d05278a2d3c66d95746489"}

[10:35:56]   RFQ status final: CONFIRMED tx=0x63c11147b27a82f7ef19a103
[10:35:56]   ✅ combo OK: {'oid': 'rfq-b8a53573ef0805bed7172897', 'status': 'CONFIRMED', 'cuota': 1.59}
[10:45:46] [AUTO] pasada (combos RFQ v11)
[10:45:47]   pagina 1: +50 mercados, 0 legs de deportes
[10:45:47]   pagina 2: +50 mercados, 0 legs de deportes
[10:45:47]   pagina 3: +50 mercados, 11 legs de deportes
[10:45:48]   pagina 4: +50 mercados, 57 legs de deportes
[10:45:48]   pagina 5: +50 mercados, 101 legs de deportes
[10:45:48] [COMBO] 2 legs · cuota est. 1.28 · stake $9.69 (AUTO)
[10:45:48]   · LoL: T1 Academy vs Dplus KIA Challengers (BO5) - LCK Cha (p=0.81 vol=$214k)
[10:45:48]   · Counter-Strike: Nuclear TigeRES vs BET-M 33 (BO3) - PGL  (p=0.95 vol=$77k)
[10:45:49]   RFQ create -> 200 {"rfq_id":"rfq-0895360a725b8cccc2368299","status":"AWAITING_REQUESTER_ACCEPTANCE","expires_at":1789037154676,"request":{"rfq_id":"rfq-0895360a725b8cccc2368299",
[10:45:49]   quote: cuota=1.23 blended=0.813 shares=11.80 total=$9.69
[10:45:49]   stake AUTO 0: RFQ 1.23 sin ventaja vs legs (est 1.28) — NO se acepta ($0)
[10:45:49]   ❌ combo: stake_auto_0_sin_margen
[10:55:49] [AUTO] pasada (combos RFQ v11)
[10:55:50]   pagina 1: +50 mercados, 0 legs de deportes
[10:55:50]   pagina 2: +50 mercados, 0 legs de deportes
[10:55:50]   pagina 3: +50 mercados, 12 legs de deportes
[10:55:51]   pagina 4: +50 mercados, 57 legs de deportes
[10:55:51]   pagina 5: +50 mercados, 100 legs de deportes
[10:55:51] [COMBO] 2 legs · cuota est. 1.44 · stake $9.17 (AUTO)
[10:55:51]   · LoL: T1 Academy vs Dplus KIA Challengers - Game 4 Winner (p=0.73 vol=$121k)
[10:55:51]   · Counter-Strike: Nuclear TigeRES vs BET-M 33 (BO3) - PGL  (p=0.95 vol=$78k)
[10:55:52]   RFQ create -> 200 {"rfq_id":"rfq-d3878294f9591e4994217cad","status":"AWAITING_REQUESTER_ACCEPTANCE","expires_at":1789037757408,"request":{"rfq_id":"rfq-d3878294f9591e4994217cad",
[10:55:52]   quote: cuota=1.37 blended=0.730 shares=12.39 total=$9.17
[10:55:52]   stake AUTO 0: RFQ 1.37 sin ventaja vs legs (est 1.44) — NO se acepta ($0)
[10:55:52]   ❌ combo: stake_auto_0_sin_margen
[11:05:52] [AUTO] pasada (combos RFQ v11)
[11:05:53]   pagina 1: +50 mercados, 0 legs de deportes
[11:05:53]   pagina 2: +50 mercados, 0 legs de deportes
[11:05:53]   pagina 3: +50 mercados, 12 legs de deportes
[11:05:54]   pagina 4: +50 mercados, 56 legs de deportes
[11:05:54]   pagina 5: +50 mercados, 99 legs de deportes
[11:05:54] [COMBO] 2 legs · cuota est. 1.2 · stake $10.0 (AUTO)
[11:05:54]   · Counter-Strike: Legacy vs FURIA - Map 2 Winner (p=0.94 vol=$554k)
[11:05:54]   · LoL: T1 Academy vs Dplus KIA Challengers - Game 4 Winner (p=0.89 vol=$121k)
[11:05:55]   RFQ create -> 200 {"rfq_id":"rfq-7788a7cadca3f040d3e17c86","status":"FAILED","error":{"code":"NO_QUOTES","message":"no quotes"}}

[11:05:55]   ❌ combo: rfq_NO_QUOTES
[11:15:55] [AUTO] pasada (combos RFQ v11)
[11:15:55]   pagina 1: +50 mercados, 0 legs de deportes
[11:15:56]   pagina 2: +50 mercados, 0 legs de deportes
[11:15:56]   pagina 3: +50 mercados, 10 legs de deportes
[11:15:57]   pagina 4: +50 mercados, 54 legs de deportes
[11:15:57]   pagina 5: +50 mercados, 97 legs de deportes
[11:15:57] [COMBO] 2 legs · cuota est. 1.33 · stake $9.51 (AUTO)
[11:15:57]   · LoL: T1 Academy vs Dplus KIA Challengers (BO5) - LCK Cha (p=0.94 vol=$234k)
[11:15:57]   · Counter-Strike: Heroic vs K27 (BO3) - Thunderpick World  (p=0.80 vol=$82k)
[11:15:58]   RFQ create -> 200 {"rfq_id":"rfq-ae6a3d880525f7663e784921","status":"AWAITING_REQUESTER_ACCEPTANCE","expires_at":1789038963173,"request":{"rfq_id":"rfq-ae6a3d880525f7663e784921",
[11:15:58]   quote: cuota=1.22 blended=0.820 shares=11.49 total=$9.51
[11:15:58]   stake AUTO 0: RFQ 1.22 sin ventaja vs legs (est 1.33) — NO se acepta ($0)
[11:15:58]   ❌ combo: stake_auto_0_sin_margen
[11:25:58] [AUTO] pasada (combos RFQ v11)
[11:25:58]   pagina 1: +50 mercados, 0 legs de deportes
[11:25:59]   pagina 2: +50 mercados, 0 legs de deportes
[11:25:59]   pagina 3: +50 mercados, 9 legs de deportes
[11:25:59]   pagina 4: +50 mercados, 54 legs de deportes
[11:26:00]   pagina 5: +50 mercados, 97 legs de deportes
[11:26:00] [COMBO] 2 legs · cuota est. 1.5 · stake $9.0 (AUTO)
[11:26:00]   · Counter-Strike: Heroic vs K27 (BO3) - Thunderpick World  (p=0.94 vol=$92k)
[11:26:00]   · Counter-Strike: ShindeN vs Turma do Pagode (BO3) - PGL M (p=0.70 vol=$78k)
[11:26:01]   RFQ create -> 200 {"rfq_id":"rfq-d191c359b4d136d3d51ef3c2","status":"AWAITING_REQUESTER_ACCEPTANCE","expires_at":1789039566286,"request":{"rfq_id":"rfq-d191c359b4d136d3d51ef3c2",
[11:26:01]   quote: cuota=1.39 blended=0.719 shares=12.34 total=$9.00
[11:26:01]   stake AUTO 0: RFQ 1.39 sin ventaja vs legs (est 1.5) — NO se acepta ($0)
[11:26:01]   ❌ combo: stake_auto_0_sin_margen
[11:36:01] [AUTO] pasada (combos RFQ v11)
[11:36:01]   pagina 1: +50 mercados, 0 legs de deportes
[11:36:02]   pagina 2: +50 mercados, 0 legs de deportes
[11:36:02]   pagina 3: +50 mercados, 9 legs de deportes
[11:36:02]   pagina 4: +50 mercados, 53 legs de deportes
[11:36:03]   pagina 5: +50 mercados, 95 legs de deportes
[11:36:03] [COMBO] 2 legs · cuota est. 1.31 · stake $9.58 (AUTO)
[11:36:03]   · Will FC Barcelona win on 2026-09-13? (p=0.85 vol=$66k)
[11:36:03]   · Will Manchester United FC win on 2026-09-10? (p=0.90 vol=$55k)
[11:36:04]   RFQ create -> 200 {"rfq_id":"rfq-83d56d2092ac0ab22ce59440","status":"AWAITING_REQUESTER_ACCEPTANCE","expires_at":1789040169011,"request":{"rfq_id":"rfq-83d56d2092ac0ab22ce59440",
[11:36:04]   quote: cuota=1.29 blended=0.778 shares=12.18 total=$9.58
[11:36:04]   stake AUTO 0: RFQ 1.29 sin ventaja vs legs (est 1.31) — NO se acepta ($0)
[11:36:04]   ❌ combo: stake_auto_0_sin_margen
[11:46:04] [AUTO] pasada (combos RFQ v11)
[11:46:04]   pagina 1: +50 mercados, 0 legs de deportes
[11:46:05]   pagina 2: +50 mercados, 1 legs de deportes
[11:46:05]   pagina 3: +50 mercados, 10 legs de deportes
[11:46:05]   pagina 4: +50 mercados, 53 legs de deportes
[11:46:06]   pagina 5: +50 mercados, 96 legs de deportes
[11:46:06] [COMBO] 2 legs · cuota est. 1.31 · stake $9.58 (AUTO)
[11:46:06]   · Will FC Barcelona win on 2026-09-13? (p=0.85 vol=$66k)
[11:46:06]   · Will Manchester United FC win on 2026-09-10? (p=0.90 vol=$56k)
[11:46:07]   RFQ create -> 200 {"rfq_id":"rfq-ccab5423bb4e66e14e304050","status":"AWAITING_REQUESTER_ACCEPTANCE","expires_at":1789040772081,"request":{"rfq_id":"rfq-ccab5423bb4e66e14e304050",
[11:46:07]   quote: cuota=1.29 blended=0.777 shares=12.19 total=$9.58
[11:46:07]   stake AUTO 0: RFQ 1.29 sin ventaja vs legs (est 1.31) — NO se acepta ($0)
[11:46:07]   ❌ combo: stake_auto_0_sin_margen
[11:56:07] [AUTO] pasada (combos RFQ v11)
[11:56:07]   pagina 1: +50 mercados, 0 legs de deportes
[11:56:08]   pagina 2: +50 mercados, 1 legs de deportes
[11:56:08]   pagina 3: +50 mercados, 10 legs de deportes
[11:56:09]   pagina 4: +50 mercados, 53 legs de deportes
[11:56:09]   pagina 5: +50 mercados, 98 legs de deportes
[11:56:09] [COMBO] 2 legs · cuota est. 1.31 · stake $9.58 (AUTO)
[11:56:09]   · Will FC Barcelona win on 2026-09-13? (p=0.85 vol=$66k)
[11:56:09]   · Will Manchester United FC win on 2026-09-10? (p=0.90 vol=$56k)
[11:56:10]   RFQ create -> 200 {"rfq_id":"rfq-1c895460f4ea3f197a9bce72","status":"AWAITING_REQUESTER_ACCEPTANCE","expires_at":1789041375312,"request":{"rfq_id":"rfq-1c895460f4ea3f197a9bce72",
[11:56:10]   quote: cuota=1.29 blended=0.777 shares=12.19 total=$9.58
[11:56:10]   stake AUTO 0: RFQ 1.29 sin ventaja vs legs (est 1.31) — NO se acepta ($0)
[11:56:10]   ❌ combo: stake_auto_0_sin_margen
[12:01:42] loop err: The read operation timed out
[12:06:10] [AUTO] pasada (combos RFQ v11)
[12:06:10]   pagina 1: +50 mercados, 0 legs de deportes
[12:06:11]   pagina 2: +50 mercados, 1 legs de deportes
[12:06:11]   pagina 3: +50 mercados, 9 legs de deportes
[12:06:11]   pagina 4: +50 mercados, 55 legs de deportes
[12:06:12]   pagina 5: +50 mercados, 98 legs de deportes
[12:06:12] [COMBO] 2 legs · cuota est. 1.31 · stake $9.58 (AUTO)
[12:06:12]   · Will FC Barcelona win on 2026-09-13? (p=0.85 vol=$66k)
[12:06:12]   · Will Manchester United FC win on 2026-09-10? (p=0.90 vol=$56k)
[12:06:13]   RFQ create -> 200 {"rfq_id":"rfq-d0941a34fdb8ce696e857d07","status":"AWAITING_REQUESTER_ACCEPTANCE","expires_at":1789041978131,"request":{"rfq_id":"rfq-d0941a34fdb8ce696e857d07",
[12:06:13]   quote: cuota=1.29 blended=0.777 shares=12.19 total=$9.58
[12:06:13]   stake AUTO 0: RFQ 1.29 sin ventaja vs legs (est 1.31) — NO se acepta ($0)
[12:06:43]   ❌ combo: stake_auto_0_sin_margen
[12:16:13] [AUTO] pasada (combos RFQ v11)
[12:16:13]   pagina 1: +50 mercados, 0 legs de deportes
[12:16:14]   pagina 2: +50 mercados, 1 legs de deportes
[12:16:14]   pagina 3: +50 mercados, 10 legs de deportes
[12:16:14]   pagina 4: +50 mercados, 55 legs de deportes
[12:16:15]   pagina 5: +50 mercados, 98 legs de deportes
[12:16:15] [COMBO] 2 legs · cuota est. 1.31 · stake $9.58 (AUTO)
[12:16:15]   · Will FC Barcelona win on 2026-09-13? (p=0.85 vol=$66k)
[12:16:15]   · Will Manchester United FC win on 2026-09-10? (p=0.90 vol=$56k)
[12:16:16]   RFQ create -> 200 {"rfq_id":"rfq-1a8142d56cde3873bedf8314","status":"AWAITING_REQUESTER_ACCEPTANCE","expires_at":1789042581166,"request":{"rfq_id":"rfq-1a8142d56cde3873bedf8314",
[12:16:16]   quote: cuota=1.29 blended=0.778 shares=12.18 total=$9.58
[12:16:16]   stake AUTO 0: RFQ 1.29 sin ventaja vs legs (est 1.31) — NO se acepta ($0)
[12:16:16]   ❌ combo: stake_auto_0_sin_margen
[12:38:47] loop err: The read operation timed out
[13:06:30] loop err: The read operation timed out
[14:18:40] telegram_api error: HTTP Error 400: Bad Request
[14:19:43]   sync: 5 op(s) cerradas (0 ganadas, PnL $-39.91)
[15:06:55] loop err: The read operation timed out
[15:17:44]   pagina 1: +50 mercados, 0 legs de deportes
[15:17:44]   pagina 2: +50 mercados, 2 legs de deportes
[15:17:45]   pagina 3: +50 mercados, 13 legs de deportes
[15:17:45]   pagina 4: +50 mercados, 53 legs de deportes
[15:17:45]   pagina 5: +50 mercados, 99 legs de deportes
[16:20:40] loop err: The read operation timed out
[17:02:19] loop err: The read operation timed out
[17:10:02] loop err: The read operation timed out
[17:57:01] loop err: The read operation timed out
[18:22:58] loop err: The read operation timed out
[19:48:21] loop err: The read operation timed out
[21:20:12] loop err: The read operation timed out
[23:22:07] loop err: The read operation timed out
[23:29:54] loop err: The read operation timed out
[00:01:51] loop err: The read operation timed out
[00:52:32] loop err: The read operation timed out
[01:29:01] loop err: The read operation timed out
[02:20:42] loop err: The read operation timed out
[02:55:41] loop err: The read operation timed out
[04:26:46] loop err: The read operation timed out
[05:12:16] loop err: The read operation timed out
[05:18:52] loop err: The read operation timed out
[05:51:08] loop err: The read operation timed out
[07:32:06] loop err: The read operation timed out
[07:39:41] loop err: The read operation timed out
[08:16:50] loop err: The read operation timed out
[09:15:35] loop err: The read operation timed out
[10:30:17] loop err: The read operation timed out
[10:45:06] loop err: The read operation timed out
[12:50:29] loop err: The read operation timed out
[14:44:24] loop err: The read operation timed out
[16:24:29] loop err: The read operation timed out
[16:27:39] loop err: The read operation timed out
[17:05:38] loop err: The read operation timed out
[17:30:46] loop err: The read operation timed out
[17:36:46] intervalo AUTO restaurado: 10 min
[17:36:46] stake=AUTO · max ops/día=10 · prob AUTO ≥65% · PIN ops fijo (4 cifras)
[17:36:46]   horario inicial: próxima pasada en 10 min
[17:36:46]   auto-curación: primera auditoría en 25s (después cada 4h)
[17:36:46] v12.7 cargado · modo=AUTO · stake=AUTO $5-$10 (según cuota/ventaja) · max 10/día · prob ≥65%
[17:36:46] Proxy: http://100.83.57.99:8888
[17:36:47] Test proxy: 200
[17:36:47] v12.7 iniciado
[17:37:13]   verdad: 26 cobros REDEEM>0 en la wallet
[17:37:17]   [auditoria:auto] APLICADA reabiertas=6 corregidas=16 confirmadas=25 manuales=0 nuevas=0 sin_datos=0 · PnL archivadas -276.68→-21.72
[17:45:27] loop err: The read operation timed out
[17:46:47] [AUTO] pasada (combos RFQ v11)
[17:46:48]   pagina 1: +50 mercados, 0 legs de deportes
[17:46:48]   pagina 2: +50 mercados, 0 legs de deportes
[17:46:49]   pagina 3: +50 mercados, 11 legs de deportes
[17:46:49]   pagina 4: +50 mercados, 44 legs de deportes
[17:46:49]   pagina 5: +50 mercados, 86 legs de deportes
[17:46:49] [COMBO] 2 legs · cuota est. 1.45 · stake $9.14 (AUTO)
[17:46:49]   · US Open ATP: Alexander Zverev vs Karen Khachanov (p=0.81 vol=$694k)
[17:46:49]   · Will FC Barcelona win on 2026-09-13? (p=0.85 vol=$116k)
[17:46:51]   RFQ: identidad lista (signer 0x8a22F798... maker 0xb0E11970...)
[17:46:52]   RFQ create -> 200 {"rfq_id":"rfq-1857c335cc765d3e58c1fd51","status":"AWAITING_REQUESTER_ACCEPTANCE","expires_at":1789148816970,"request":{"rfq_id":"rfq-1857c335cc765d3e58c1fd51",
[17:46:52]   quote: cuota=1.42 blended=0.702 shares=12.83 total=$9.14
[17:46:52]   stake AUTO 0: RFQ 1.42 sin ventaja vs legs (est 1.45) — NO se acepta ($0)
[17:46:52]   ❌ combo: stake_auto_0_sin_margen
[17:47:24] intervalo AUTO restaurado: 10 min
[17:47:24] stake=AUTO · max ops/día=10 · prob AUTO ≥65% · PIN ops fijo (4 cifras)
[17:47:24]   horario restaurado: próxima pasada en 9 min
[17:47:25]   auto-curación: primera auditoría en 25s (después cada 4h)
[17:47:25]   verdad: 26 cobros REDEEM>0 en la wallet
[17:47:25] v12.8 cargado · modo=AUTO · stake=AUTO $5-$10 (según cuota/ventaja) · max 10/día · prob ≥65%
[17:47:25] Proxy: http://100.83.57.99:8888
[17:47:26] Test proxy: 200
[17:47:26] v12.8 iniciado
[17:47:56]   [auditoria:auto] APLICADA reabiertas=0 corregidas=0 confirmadas=41 manuales=0 nuevas=0 sin_datos=0 · PnL archivadas -21.72→-21.72
[17:47:56]   💰 reclamar: 7 ganada(s) sin cobrar (~$47.58) → aviso
[17:49:56]   [CIERRE] sin precio vivo: no se puede dimensionar la venta
[17:49:56]   [CIERRE] sin precio vivo: no se puede dimensionar la venta
[17:54:52]   verdad: 26 cobros REDEEM>0 en la wallet
[17:54:57]   💰 pre-flight redeem: sin datos · RPC respondió: Too Many Requests, Please apply an OnFinality API key or contact 
[17:54:57]   💰 /reclamar: 0 sin cobrar ($0.00) · revisadas 23
[18:05:16] intervalo AUTO restaurado: 10 min
[18:05:16] stake=AUTO · max ops/día=10 · prob AUTO ≥65% · PIN ops fijo (4 cifras)
[18:05:16]   horario inicial: próxima pasada en 10 min
[18:05:16]   auto-curación: primera auditoría en 25s (después cada 4h)
[18:05:16]   verdad: 26 cobros REDEEM>0 por token + 77 por título (77 registros)
[18:05:16] v12.8.1 cargado · modo=AUTO · stake=AUTO $5-$10 (según cuota/ventaja) · max 10/día · prob ≥65%
[18:05:16] Proxy: http://100.83.57.99:8888
[18:05:17] Test proxy: 200
[18:05:17] v12.8.1 iniciado
[18:05:47]   [auditoria:auto] APLICADA reabiertas=0 corregidas=0 confirmadas=41 manuales=0 nuevas=0 sin_datos=0 · PnL archivadas -21.72→-21.72
[18:09:48]   verdad: 26 cobros REDEEM>0 por token + 77 por título (77 registros)
[18:09:50]   💰 pre-flight redeem: NO puede · revert: sólo la cuenta de Polymarket 0xac9930b2…5294 puede ejecutar redeem()
[18:10:20] telegram_api error: HTTP Error 400: Bad Request
[18:10:20]   💰 /reclamar: 0 sin cobrar ($0.00) · revisadas 23
[18:15:17] [AUTO] pasada (combos RFQ v11)
[18:15:18]   pagina 1: +50 mercados, 0 legs de deportes
[18:15:18]   pagina 2: +50 mercados, 1 legs de deportes
[18:15:19]   pagina 3: +50 mercados, 10 legs de deportes
[18:15:19]   pagina 4: +50 mercados, 42 legs de deportes
[18:15:19]   pagina 5: +50 mercados, 80 legs de deportes
[18:15:19] [COMBO] 2 legs · cuota est. 1.44 · stake $9.17 (AUTO)
[18:15:19]   · US Open ATP: Alexander Zverev vs Karen Khachanov (p=0.81 vol=$1151k)
[18:15:19]   · Will FC Barcelona win on 2026-09-13? (p=0.85 vol=$116k)
[18:15:21]   RFQ: identidad lista (signer 0x8a22F798... maker 0xb0E11970...)
[18:15:21]   RFQ create -> 200 {"rfq_id":"rfq-e3ce2cf0921cdd465304cf4c","status":"AWAITING_REQUESTER_ACCEPTANCE","expires_at":1789150526807,"request":{"rfq_id":"rfq-e3ce2cf0921cdd465304cf4c",
[18:15:21]   quote: cuota=1.39 blended=0.718 shares=12.60 total=$9.17
[18:15:21]   stake AUTO 0: RFQ 1.39 sin ventaja vs legs (est 1.44) — NO se acepta ($0)
[18:15:22]   ❌ combo: stake_auto_0_sin_margen
[18:49:13] loop err: The read operation timed out
[18:52:24] loop err: The read operation timed out
[19:04:07] loop err: <urlopen error [Errno 104] Connection reset by peer>
[19:05:12] loop err: The read operation timed out
[19:51:57] loop err: The read operation timed out
[20:11:20] intervalo AUTO restaurado: 10 min
[20:11:20] stake=AUTO · max ops/día=10 · prob AUTO ≥65% · PIN ops fijo (4 cifras)
[20:11:20]   horario inicial: próxima pasada en 10 min
[20:11:20]   auto-curación: primera auditoría en 25s (después cada 4h)
[20:11:20]   verdad: 26 cobros REDEEM>0 por token + 77 por título (77 registros)
[20:11:20] v12.8.1 cargado · modo=AUTO · stake=AUTO $5-$10 (según cuota/ventaja) · max 10/día · prob ≥65%
[20:11:20] Proxy: http://100.83.57.99:8888
[20:11:21] Test proxy: 200
[20:11:21] v12.8.2 iniciado
[20:11:52]   [auditoria:auto] APLICADA reabiertas=0 corregidas=0 confirmadas=45 manuales=0 nuevas=0 sin_datos=0 · PnL archivadas +11.26→+11.26
[20:11:53]   💰 reclamar: 4 ganada(s) sin cobrar (~$82.98) → aviso
[20:15:10]   verdad: 26 cobros REDEEM>0 por token + 77 por título (77 registros)
[20:15:17]   💰 pre-flight redeem: NO puede · revert: sólo la cuenta de Polymarket 0xac9930b2…5294 puede ejecutar redeem()
[20:15:17] telegram_api error: HTTP Error 400: Bad Request
[20:15:17]   💰 /reclamar: 4 sin cobrar ($82.98) · revisadas 27
[20:18:24]   verdad: 26 cobros REDEEM>0 por token + 77 por título (77 registros)
[20:18:29] telegram_api error: HTTP Error 400: Bad Request
[20:18:29]   💰 /reclamar: 4 sin cobrar ($82.98) · revisadas 27
[20:18:54]   pagina 1: +50 mercados, 3 legs de deportes
[20:18:55]   pagina 2: +50 mercados, 4 legs de deportes
[20:18:55]   pagina 3: +50 mercados, 8 legs de deportes
[20:18:55]   pagina 4: +50 mercados, 41 legs de deportes
[20:18:56]   pagina 5: +50 mercados, 73 legs de deportes
[20:21:23] [AUTO] pasada (combos RFQ v11)
[20:21:23]   pagina 1: +50 mercados, 3 legs de deportes
[20:21:24]   pagina 2: +50 mercados, 4 legs de deportes
[20:21:24]   pagina 3: +50 mercados, 8 legs de deportes
[20:21:25]   pagina 4: +50 mercados, 39 legs de deportes
[20:21:25]   pagina 5: +50 mercados, 71 legs de deportes
[20:21:25] [COMBO] 2 legs · cuota est. 1.44 · stake $9.17 (AUTO)
[20:21:25]   · Will Stade Rennais FC 1901 win on 2026-09-11? (p=0.72 vol=$3095k)
[20:21:25]   · Will ACF Fiorentina win on 2026-09-11? (p=0.95 vol=$1349k)
[20:21:26]   RFQ: identidad lista (signer 0x8a22F798... maker 0xb0E11970...)
[20:21:27]   RFQ create -> 200 {"rfq_id":"rfq-26d90eebf252c95c42ef6fda","status":"AWAITING_REQUESTER_ACCEPTANCE","expires_at":1789158092529,"request":{"rfq_id":"rfq-26d90eebf252c95c42ef6fda",
[20:21:27]   quote: cuota=1.28 blended=0.780 shares=11.63 total=$9.17
[20:21:27]   stake AUTO 0: RFQ 1.28 sin ventaja vs legs (est 1.44) — NO se acepta ($0)
[20:21:27]   ❌ combo: stake_auto_0_sin_margen
[20:31:27] [AUTO] pasada (combos RFQ v11)
[20:31:28]   pagina 1: +50 mercados, 3 legs de deportes
[20:31:28]   pagina 2: +50 mercados, 3 legs de deportes
[20:31:28]   pagina 3: +50 mercados, 8 legs de deportes
[20:31:29]   pagina 4: +50 mercados, 38 legs de deportes
[20:31:29]   pagina 5: +50 mercados, 67 legs de deportes
[20:31:29] [COMBO] 2 legs · cuota est. 1.32 · stake $9.55 (AUTO)
[20:31:29]   · Will Stade Rennais FC 1901 win on 2026-09-11? (p=0.86 vol=$3123k)
[20:31:29]   · US Open ATP: Alexander Zverev vs Karen Khachanov (p=0.88 vol=$3069k)
[20:31:30]   RFQ create -> 200 {"rfq_id":"rfq-e2b980095cab6927728ae0d7","status":"AWAITING_REQUESTER_ACCEPTANCE","expires_at":1789158695620,"request":{"rfq_id":"rfq-e2b980095cab6927728ae0d7",
[20:31:30]   quote: cuota=1.24 blended=0.805 shares=11.75 total=$9.55
[20:31:30]   stake AUTO 0: RFQ 1.24 sin ventaja vs legs (est 1.32) — NO se acepta ($0)
[20:31:30]   ❌ combo: stake_auto_0_sin_margen
[20:41:30] [AUTO] pasada (combos RFQ v11)
[20:41:31]   pagina 1: +50 mercados, 2 legs de deportes
[20:41:31]   pagina 2: +50 mercados, 2 legs de deportes
[20:41:32]   pagina 3: +50 mercados, 8 legs de deportes
[20:41:32]   pagina 4: +50 mercados, 33 legs de deportes
[20:41:32]   pagina 5: +50 mercados, 57 legs de deportes
[20:41:32] [COMBO] 2 legs · cuota est. 1.5 · stake $9.0 (AUTO)
[20:41:32]   · US Open ATP: Alexander Zverev vs Karen Khachanov (p=0.86 vol=$3108k)
[20:41:32]   · Seville: Max Alcala Gurri vs Genaro Alberto Olivieri (p=0.77 vol=$357k)
[20:41:33]   RFQ create -> 200 {"rfq_id":"rfq-95f9523f53e445c2bd0ea4a1","status":"AWAITING_REQUESTER_ACCEPTANCE","expires_at":1789159298921,"request":{"rfq_id":"rfq-95f9523f53e445c2bd0ea4a1",
[20:41:33]   quote: cuota=1.32 blended=0.759 shares=11.72 total=$9.00
[20:41:33]   stake AUTO 0: RFQ 1.32 sin ventaja vs legs (est 1.5) — NO se acepta ($0)
[20:41:34]   ❌ combo: stake_auto_0_sin_margen
[20:51:34] [AUTO] pasada (combos RFQ v11)
[20:51:34]   pagina 1: +50 mercados, 2 legs de deportes
[20:51:34]   pagina 2: +50 mercados, 2 legs de deportes
[20:51:35]   pagina 3: +50 mercados, 7 legs de deportes
[20:51:35]   pagina 4: +50 mercados, 33 legs de deportes
[20:51:36]   pagina 5: +50 mercados, 56 legs de deportes
[20:51:36] [COMBO] 2 legs · cuota est. 1.43 · stake $9.2 (AUTO)
[20:51:36]   · Will Sevilla FC win on 2026-09-11? (p=0.82 vol=$4088k)
[20:51:36]   · US Open ATP: Alexander Zverev vs Karen Khachanov (p=0.84 vol=$3108k)
[20:51:36] loop err: <urlopen error _ssl.c:983: The handshake operation timed out>
[20:51:37]   RFQ create -> 200 {"rfq_id":"rfq-3acf764256b09cd2a687fdaf","status":"AWAITING_REQUESTER_ACCEPTANCE","expires_at":1789159902014,"request":{"rfq_id":"rfq-3acf764256b09cd2a687fdaf",
[20:51:37]   quote: cuota=1.26 blended=0.795 shares=11.46 total=$9.20
[20:51:37]   stake AUTO 0: RFQ 1.26 sin ventaja vs legs (est 1.43) — NO se acepta ($0)
[20:51:37]   ❌ combo: stake_auto_0_sin_margen
[20:54:44] loop err: The read operation timed out
[20:58:44] loop err: The read operation timed out
[21:01:37] [AUTO] pasada (combos RFQ v11)
[21:01:37]   pagina 1: +50 mercados, 2 legs de deportes
[21:01:38]   pagina 2: +50 mercados, 2 legs de deportes
[21:01:38]   pagina 3: +50 mercados, 9 legs de deportes
[21:01:38]   pagina 4: +50 mercados, 41 legs de deportes
[21:01:39]   pagina 5: +50 mercados, 75 legs de deportes
[21:01:39] [COMBO] 2 legs · cuota est. 1.22 · stake $9.92 (AUTO)
[21:01:39]   · Will Sevilla FC win on 2026-09-11? (p=0.93 vol=$4208k)
[21:01:39]   · US Open ATP: Alexander Zverev vs Karen Khachanov (p=0.89 vol=$3128k)
[21:01:40]   RFQ create -> 200 {"rfq_id":"rfq-d5ae0cf370197e962522c196","status":"AWAITING_REQUESTER_ACCEPTANCE","expires_at":1789160505207,"request":{"rfq_id":"rfq-d5ae0cf370197e962522c196",
[21:01:40]   quote: cuota=1.17 blended=0.855 shares=11.52 total=$9.92
[21:01:40]   NO acepto: cuota real 1.17 fuera de [1.2-2.5]
[21:01:40]   ❌ combo: cuota_real_1.17_fuera
[21:02:06]   pagina 1: +50 mercados, 2 legs de deportes
[21:02:06]   pagina 2: +50 mercados, 2 legs de deportes
[21:02:07]   pagina 3: +50 mercados, 9 legs de deportes
[21:02:07]   pagina 4: +50 mercados, 41 legs de deportes
[21:02:07]   pagina 5: +50 mercados, 75 legs de deportes
[21:03:17]   verdad: 26 cobros REDEEM>0 por token + 77 por título (77 registros)
[21:11:40] [AUTO] pasada (combos RFQ v11)
[21:11:41]   pagina 1: +50 mercados, 1 legs de deportes
[21:11:41]   pagina 2: +50 mercados, 1 legs de deportes
[21:11:41]   pagina 3: +50 mercados, 8 legs de deportes
[21:11:42]   pagina 4: +50 mercados, 38 legs de deportes
[21:11:42]   pagina 5: +50 mercados, 72 legs de deportes
[21:11:42] [COMBO] 2 legs · cuota est. 1.25 · stake $9.8 (AUTO)
[21:11:42]   · US Open ATP: Alexander Zverev vs Karen Khachanov (p=0.94 vol=$3274k)
[21:11:42]   · Will FC Barcelona win on 2026-09-13? (p=0.85 vol=$116k)
[21:11:43]   RFQ create -> 200 {"rfq_id":"rfq-f57da04bd4c8d821fe8e7c21","status":"AWAITING_REQUESTER_ACCEPTANCE","expires_at":1789161108429,"request":{"rfq_id":"rfq-f57da04bd4c8d821fe8e7c21",
[21:11:43]   quote: cuota=1.21 blended=0.827 shares=11.75 total=$9.80
[21:11:43]   stake AUTO 0: RFQ 1.21 sin ventaja vs legs (est 1.25) — NO se acepta ($0)
[21:12:13]   ❌ combo: stake_auto_0_sin_margen
[21:19:52] intervalo AUTO restaurado: 10 min
[21:19:52] stake=AUTO · max ops/día=10 · prob AUTO ≥65% · PIN ops fijo (4 cifras)
[21:19:52]   horario restaurado: próxima pasada en 1 min
[21:19:52]   auto-curación: primera auditoría en 25s (después cada 4h)
[21:19:52]   v12.8.3: 477 fills reales de la wallet (evidencia de cadena)
[21:19:52]   🧹 v12.8.3 curación: 1 basura + 2 duplicados fantasma fuera de ABIERTAS · quedan 6 registros (6 casados con fill real, 0 sin evidencia)
[21:19:52]   verdad: 26 cobros REDEEM>0 por token + 77 por título (77 registros)
[21:19:52]   sync: 2 op(s) cerradas (0 ganadas, PnL $-0.10)
[21:19:52]   sync inicial: 2 op(s) cerradas (0 ganadas)
[21:19:52] v12.8.1 cargado · modo=AUTO · stake=AUTO $5-$10 (según cuota/ventaja) · max 10/día · prob ≥65%
[21:19:52] Proxy: http://100.83.57.99:8888
[21:19:53] Test proxy: 200
[21:19:53] v12.8.3 iniciado
[21:20:24]   [auditoria:auto] APLICADA reabiertas=0 corregidas=0 confirmadas=47 manuales=0 nuevas=0 sin_datos=0 · PnL archivadas +11.16→+11.16
[21:20:53] telegram_api error: HTTP Error 400: Bad Request
[21:20:54] [AUTO] pasada (combos RFQ v11)
[21:20:54]   pagina 1: +50 mercados, 1 legs de deportes
[21:20:55]   pagina 2: +50 mercados, 1 legs de deportes
[21:20:55]   pagina 3: +50 mercados, 8 legs de deportes
[21:20:56]   pagina 4: +50 mercados, 38 legs de deportes
[21:20:56]   pagina 5: +50 mercados, 72 legs de deportes
[21:20:56] [COMBO] 2 legs · cuota est. 1.53 · stake $8.92 (AUTO)
[21:20:56]   · US Open ATP: Alexander Zverev vs Karen Khachanov (p=0.95 vol=$3274k)
[21:20:56]   · Counter-Strike: Legacy vs MIBR (BO3) - FISSURE PLAYGROUN (p=0.69 vol=$297k)
[21:21:14]   RFQ: identidad lista (signer 0x8a22F798... maker 0xb0E11970...)
[21:21:15]   pagina 1: +50 mercados, 1 legs de deportes
[21:21:15]   pagina 2: +50 mercados, 1 legs de deportes
[21:21:16]   pagina 3: +50 mercados, 9 legs de deportes
[21:21:16]   pagina 4: +50 mercados, 39 legs de deportes
[21:21:17]   pagina 5: +50 mercados, 74 legs de deportes
[21:21:17]   [LEER] lectura inmediata completada en 3.5 s (sólo mirar)
[21:21:27]   RFQ create -> 200 {"rfq_id":"rfq-a6e28324724d5658aa513faa","status":"AWAITING_REQUESTER_ACCEPTANCE","expires_at":1789161692943,"request":{"rfq_id":"rfq-a6e28324724d5658aa513faa",
[21:21:27]   quote: cuota=1.49 blended=0.672 shares=13.06 total=$8.92
[21:21:28]   stake AUTO 0: RFQ 1.49 sin ventaja vs legs (est 1.53) — NO se acepta ($0)
[21:21:28]   ❌ combo: stake_auto_0_sin_margen
[21:21:58]   verdad: 26 cobros REDEEM>0 por token + 77 por título (77 registros)
[21:22:11]   💰 pre-flight redeem: sin datos · RPC respondió: The read operation timed out
[21:22:12]   💰 /reclamar: 4 sin cobrar ($82.98) · revisadas 27
[21:58:08] loop err: The read operation timed out
[22:02:43]   pagina 1: +50 mercados, 1 legs de deportes
[22:02:44]   pagina 2: +50 mercados, 1 legs de deportes
[22:02:44]   pagina 3: +50 mercados, 13 legs de deportes
[22:02:44]   pagina 4: +50 mercados, 48 legs de deportes
[22:02:45]   pagina 5: +50 mercados, 87 legs de deportes
[22:03:15]   [LEER] lectura inmediata completada en 32.9 s (sólo mirar)
[22:04:08] intervalo AUTO restaurado: 10 min
[22:04:08]   modo restaurado del estado: SEMI
[22:04:08] stake=AUTO · max ops/día=10 · prob AUTO ≥65% · PIN ops fijo (4 cifras)
[22:04:08]   horario restaurado: próxima pasada en 1 min
[22:04:08]   auto-curación: primera auditoría en 25s (después cada 4h)
[22:04:09]   v12.8.3: 477 fills reales de la wallet (evidencia de cadena)
[22:04:09]   verdad: 26 cobros REDEEM>0 por token + 77 por título (77 registros)
[22:04:09] v12.8.4 cargado · modo=SEMI · stake=AUTO $5-$10 (según cuota/ventaja) · max 10/día · prob ≥65%
[22:04:09] Proxy: http://100.83.57.99:8888
[22:04:10] Test proxy: 200
[22:04:10] v12.8.4 iniciado
[22:04:40]   [auditoria:auto] APLICADA reabiertas=0 corregidas=0 confirmadas=47 manuales=0 nuevas=0 sin_datos=0 · PnL archivadas +11.16→+11.16
[22:06:10] [SEMI] pasada (combos RFQ v11)
[22:06:11]   pagina 1: +50 mercados, 1 legs de deportes
[22:06:11]   pagina 2: +50 mercados, 1 legs de deportes
[22:06:12]   pagina 3: +50 mercados, 12 legs de deportes
[22:06:12]   pagina 4: +50 mercados, 48 legs de deportes
[22:06:12]   pagina 5: +50 mercados, 90 legs de deportes
[22:06:12]   [SEMI] propuesta fecd28fc: 2 legs · cuota est 1.28 · prob 0.78 · stake $9.69 · caduca en 10 min
[22:06:52] [SEMI] aprobado con ✅: US Open ATP: Alexander Zverev vs Karen + Will FC Barcelona win on 2026
[22:06:52] [COMBO] 2 legs · cuota est. 1.28 · stake $9.69 (AUTO)
[22:06:52]   · US Open ATP: Alexander Zverev vs Karen Khachanov (p=0.92 vol=$3765k)
[22:06:52]   · Will FC Barcelona win on 2026-09-13? (p=0.85 vol=$116k)
[22:06:54]   RFQ: identidad lista (signer 0x8a22F798... maker 0xb0E11970...)
[22:06:54]   RFQ create -> 200 {"rfq_id":"rfq-6668affb1173a9d65d99c659","status":"AWAITING_REQUESTER_ACCEPTANCE","expires_at":1789164419843,"request":{"rfq_id":"rfq-6668affb1173a9d65d99c659",
[22:06:54]   quote: cuota=1.3 blended=0.772 shares=12.41 total=$9.69
[22:06:54]   ⚖️ ventaja insuficiente: RFQ 1.3 vs mercado ~1.28 = EV +1.6% < 5% exigidos — NO se acepta ($0)
[22:11:58] telegram_api error: HTTP Error 400: Bad Request
[22:16:13] [SEMI] pasada (combos RFQ v11)
[22:16:13]   pagina 1: +50 mercados, 1 legs de deportes
[22:16:13]   pagina 2: +50 mercados, 1 legs de deportes
[22:16:14]   pagina 3: +50 mercados, 12 legs de deportes
[22:16:14]   pagina 4: +50 mercados, 49 legs de deportes
[22:16:15]   pagina 5: +50 mercados, 91 legs de deportes
[22:16:15]   [SEMI] propuesta fecd28fc: 2 legs · cuota est 1.25 · prob 0.80 · stake $9.8 · caduca en 10 min
[22:20:11] loop err: The read operation timed out
[22:26:15] [SEMI] pasada (combos RFQ v11)
[22:26:15]   pagina 1: +50 mercados, 0 legs de deportes
[22:26:16]   pagina 2: +50 mercados, 0 legs de deportes
[22:26:16]   pagina 3: +50 mercados, 11 legs de deportes
[22:26:17]   pagina 4: +50 mercados, 49 legs de deportes
[22:26:17]   pagina 5: +50 mercados, 91 legs de deportes
[22:26:17]   [SEMI] propuesta 071b1fd6: 2 legs · cuota est 1.35 · prob 0.74 · stake $9.44 · caduca en 10 min
[22:26:31] [SEMI] aprobado con ✅: Will FC Barcelona win on 2026-09-13? + LoL: Cupid Esports vs Maryville
[22:26:31] [COMBO] 2 legs · cuota est. 1.35 · stake $9.44 (AUTO)
[22:26:31]   · Will FC Barcelona win on 2026-09-13? (p=0.85 vol=$116k)
[22:26:31]   · LoL: Cupid Esports vs Maryville University (BO5) - North (p=0.86 vol=$113k)
[22:26:32]   RFQ create -> 200 {"rfq_id":"rfq-35520173f0f917a69d4fbcdc","status":"AWAITING_REQUESTER_ACCEPTANCE","expires_at":1789165597486,"request":{"rfq_id":"rfq-35520173f0f917a69d4fbcdc",
[22:26:32]   quote: cuota=1.3 blended=0.767 shares=12.17 total=$9.44
[22:26:32]   ⚖️ ventaja insuficiente: RFQ 1.3 vs mercado ~1.35 = EV -3.7% < 5% exigidos — NO se acepta ($0)
[22:27:57] modo -> AUTO
[22:28:02] [AUTO] pasada (combos RFQ v11)
[22:28:02]   pagina 1: +50 mercados, 0 legs de deportes
[22:28:03]   pagina 2: +50 mercados, 0 legs de deportes
[22:28:03]   pagina 3: +50 mercados, 11 legs de deportes
[22:28:04]   pagina 4: +50 mercados, 49 legs de deportes
[22:28:04]   pagina 5: +50 mercados, 91 legs de deportes
[22:28:04] [COMBO] 2 legs · cuota est. 1.35 · stake $9.44 (AUTO)
[22:28:04]   · Will FC Barcelona win on 2026-09-13? (p=0.85 vol=$116k)
[22:28:04]   · LoL: Cupid Esports vs Maryville University (BO5) - North (p=0.86 vol=$113k)
[22:28:05]   RFQ create -> 200 {"rfq_id":"rfq-a94ff020bd61ba1453006a35","status":"AWAITING_REQUESTER_ACCEPTANCE","expires_at":1789165690453,"request":{"rfq_id":"rfq-a94ff020bd61ba1453006a35",
[22:28:05]   quote: cuota=1.26 blended=0.793 shares=11.78 total=$9.44
[22:28:05]   ⚖️ ventaja insuficiente: RFQ 1.26 vs mercado ~1.35 = EV -6.7% < 5% exigidos — NO se acepta ($0)
[22:28:05]   ❌ combo: ventaja_-6.7_insuficiente
[22:30:00]   pagina 1: +50 mercados, 0 legs de deportes
[22:30:01]   pagina 2: +50 mercados, 0 legs de deportes
[22:30:01]   pagina 3: +50 mercados, 11 legs de deportes
[22:30:02]   pagina 4: +50 mercados, 49 legs de deportes
[22:30:02]   pagina 5: +50 mercados, 91 legs de deportes
[22:30:34] [MANUAL 💥] botón ▶️: LoL: Hanwha Life Esports vs T1 (BO5) - + San Diego Padres vs. San Fran · stake $6.16
[22:30:34] [COMBO] 3 legs · cuota est. 5.18 · stake $6.16 (AUTO)
[22:30:34]   · LoL: Hanwha Life Esports vs T1 (BO5) - LCK Playoffs (p=0.59 vol=$269k)
[22:30:34]   · San Diego Padres vs. San Francisco Giants (p=0.58 vol=$201k)
[22:30:34]   · Philadelphia Phillies vs. Atlanta Braves: O/U 6.5 (p=0.56 vol=$199k)
[22:30:35]   RFQ create -> 200 {"rfq_id":"rfq-d851104346527c35e2ad0ca2","status":"AWAITING_REQUESTER_ACCEPTANCE","expires_at":1789165840412,"request":{"rfq_id":"rfq-d851104346527c35e2ad0ca2",
[22:30:35]   quote: cuota=4.92 blended=0.203 shares=29.12 total=$6.16
[22:30:35]   ⚖️ ventaja insuficiente: RFQ 4.92 vs mercado ~5.18 = EV -5.0% < 5% exigidos — NO se acepta ($0)
[22:31:23] [MANUAL 💥] botón ▶️: Counter-Strike: Legacy vs MIBR (BO3) - + San Diego Padres vs. San Fran · stake $6.14
[22:31:23] [COMBO] 4 legs · cuota est. 5.26 · stake $6.14 (AUTO)
[22:31:23]   · Counter-Strike: Legacy vs MIBR (BO3) - FISSURE PLAYGROUN (p=0.69 vol=$306k)
[22:31:23]   · San Diego Padres vs. San Francisco Giants (p=0.58 vol=$201k)
[22:31:23]   · Philadelphia Phillies vs. Atlanta Braves: O/U 6.5 (p=0.56 vol=$199k)
[22:31:23]   · Will FC Barcelona win on 2026-09-13? (p=0.85 vol=$116k)
[22:31:24]   RFQ create -> 200 {"rfq_id":"rfq-8a1349a55911339a378ee28a","status":"AWAITING_REQUESTER_ACCEPTANCE","expires_at":1789165889138,"request":{"rfq_id":"rfq-8a1349a55911339a378ee28a",
[22:31:24]   quote: cuota=5.01 blended=0.200 shares=29.58 total=$6.14
[22:31:24]   ⚖️ ventaja insuficiente: RFQ 5.01 vs mercado ~5.26 = EV -4.8% < 5% exigidos — NO se acepta ($0)
[22:38:05] [AUTO] pasada (combos RFQ v11)
[22:38:06]   pagina 1: +50 mercados, 0 legs de deportes
[22:38:06]   pagina 2: +50 mercados, 0 legs de deportes
[22:38:06]   pagina 3: +50 mercados, 12 legs de deportes
[22:38:07]   pagina 4: +50 mercados, 51 legs de deportes
[22:38:07]   pagina 5: +50 mercados, 95 legs de deportes
[22:38:07] [COMBO] 2 legs · cuota est. 1.35 · stake $9.44 (AUTO)
[22:38:07]   · Will FC Barcelona win on 2026-09-13? (p=0.85 vol=$116k)
[22:38:07]   · LoL: Cupid Esports vs Maryville University (BO5) - North (p=0.86 vol=$113k)
[22:38:08]   RFQ create -> 200 {"rfq_id":"rfq-a77b40886f4c2c2c41b96dc6","status":"AWAITING_REQUESTER_ACCEPTANCE","expires_at":1789166293617,"request":{"rfq_id":"rfq-a77b40886f4c2c2c41b96dc6",
[22:38:08]   quote: cuota=1.4 blended=0.715 shares=13.01 total=$9.44
[22:38:08]   ⚖️ ventaja insuficiente: RFQ 1.4 vs mercado ~1.35 = EV +3.7% < 5% exigidos — NO se acepta ($0)
[22:38:08]   ❌ combo: ventaja_+3.7_insuficiente
[22:48:08] [AUTO] pasada (combos RFQ v11)
[22:48:09]   pagina 1: +50 mercados, 0 legs de deportes
[22:48:09]   pagina 2: +50 mercados, 0 legs de deportes
[22:48:10]   pagina 3: +50 mercados, 11 legs de deportes
[22:48:10]   pagina 4: +50 mercados, 51 legs de deportes
[22:48:10]   pagina 5: +50 mercados, 93 legs de deportes
[22:48:10] [COMBO] 2 legs · cuota est. 1.25 · stake $9.8 (AUTO)
[22:48:10]   · LoL: Cupid Esports vs Maryville University (BO5) - North (p=0.94 vol=$117k)
[22:48:10]   · Will FC Barcelona win on 2026-09-13? (p=0.85 vol=$116k)
[22:48:11]   RFQ create -> 200 {"rfq_id":"rfq-73a42dc40f171c81146af236","status":"AWAITING_REQUESTER_ACCEPTANCE","expires_at":1789166896800,"request":{"rfq_id":"rfq-73a42dc40f171c81146af236",
[22:48:11]   quote: cuota=1.22 blended=0.819 shares=11.86 total=$9.80
[22:48:11]   ⚖️ ventaja insuficiente: RFQ 1.22 vs mercado ~1.25 = EV -2.4% < 5% exigidos — NO se acepta ($0)
[22:48:11]   ❌ combo: ventaja_-2.4_insuficiente
[22:58:11] [AUTO] pasada (combos RFQ v11)
[22:58:12]   pagina 1: +50 mercados, 0 legs de deportes
[22:58:12]   pagina 2: +50 mercados, 0 legs de deportes
[22:58:13]   pagina 3: +50 mercados, 12 legs de deportes
[22:58:13]   pagina 4: +50 mercados, 52 legs de deportes
[22:58:14]   pagina 5: +50 mercados, 97 legs de deportes
[22:58:14] [COMBO] 2 legs · cuota est. 1.26 · stake $9.76 (AUTO)
[22:58:14]   · LoL: Cupid Esports vs Maryville University (BO5) - North (p=0.93 vol=$125k)
[22:58:14]   · Will FC Barcelona win on 2026-09-13? (p=0.85 vol=$116k)
[22:58:15]   RFQ create -> 200 {"rfq_id":"rfq-b00d8f8cbb12485fadc9dddc","status":"AWAITING_REQUESTER_ACCEPTANCE","expires_at":1789167500033,"request":{"rfq_id":"rfq-b00d8f8cbb12485fadc9dddc",
[22:58:15]   quote: cuota=1.22 blended=0.819 shares=11.82 total=$9.76
[22:58:15]   ⚖️ ventaja insuficiente: RFQ 1.22 vs mercado ~1.26 = EV -3.2% < 5% exigidos — NO se acepta ($0)
[22:58:15]   ❌ combo: ventaja_-3.2_insuficiente
[23:08:15] [AUTO] pasada (combos RFQ v11)
[23:08:15]   pagina 1: +50 mercados, 0 legs de deportes
[23:08:16]   pagina 2: +50 mercados, 0 legs de deportes
[23:08:16]   pagina 3: +50 mercados, 13 legs de deportes
[23:08:16]   pagina 4: +50 mercados, 59 legs de deportes
[23:08:17]   pagina 5: +50 mercados, 105 legs de deportes
[23:08:17] [COMBO] 2 legs · cuota est. 1.25 · stake $9.8 (AUTO)
[23:08:17]   · LoL: Cupid Esports vs Maryville University (BO5) - North (p=0.94 vol=$125k)
[23:08:17]   · Will FC Barcelona win on 2026-09-13? (p=0.85 vol=$116k)
[23:08:18]   RFQ create -> 200 {"rfq_id":"rfq-8ab44e68de2ac0d7503146d8","status":"AWAITING_REQUESTER_ACCEPTANCE","expires_at":1789168103305,"request":{"rfq_id":"rfq-8ab44e68de2ac0d7503146d8",
[23:08:18]   quote: cuota=1.23 blended=0.810 shares=11.99 total=$9.80
[23:08:18]   ⚖️ ventaja insuficiente: RFQ 1.23 vs mercado ~1.25 = EV -1.6% < 5% exigidos — NO se acepta ($0)
[23:08:18]   ❌ combo: ventaja_-1.6_insuficiente
[23:18:18] [AUTO] pasada (combos RFQ v11)
[23:18:18]   pagina 1: +50 mercados, 0 legs de deportes
[23:18:19]   pagina 2: +50 mercados, 0 legs de deportes
[23:18:19]   pagina 3: +50 mercados, 13 legs de deportes
[23:18:20]   pagina 4: +50 mercados, 58 legs de deportes
[23:18:20]   pagina 5: +50 mercados, 104 legs de deportes
[23:18:20] [COMBO] 2 legs · cuota est. 1.28 · stake $9.69 (AUTO)
[23:18:20]   · LoL: Cupid Esports vs Maryville University (BO5) - North (p=0.92 vol=$138k)
[23:18:20]   · Will FC Barcelona win on 2026-09-13? (p=0.85 vol=$116k)
[23:18:21]   RFQ create -> 200 {"rfq_id":"rfq-c7b4ecfc8238bcb9bd547b1f","status":"AWAITING_REQUESTER_ACCEPTANCE","expires_at":1789168706405,"request":{"rfq_id":"rfq-c7b4ecfc8238bcb9bd547b1f",
[23:18:21]   quote: cuota=1.25 blended=0.801 shares=11.97 total=$9.69
[23:18:21]   ⚖️ ventaja insuficiente: RFQ 1.25 vs mercado ~1.28 = EV -2.3% < 5% exigidos — NO se acepta ($0)
[23:18:21]   ❌ combo: ventaja_-2.3_insuficiente
[23:19:03] loop err: The read operation timed out
[23:28:21] [AUTO] pasada (combos RFQ v11)
[23:28:22]   pagina 1: +50 mercados, 0 legs de deportes
[23:28:22]   pagina 2: +50 mercados, 0 legs de deportes
[23:28:22]   pagina 3: +50 mercados, 14 legs de deportes
[23:28:23]   pagina 4: +50 mercados, 59 legs de deportes
[23:28:23]   pagina 5: +50 mercados, 107 legs de deportes
[23:28:23] [COMBO] 2 legs · cuota est. 1.31 · stake $9.58 (AUTO)
[23:28:23]   · LoL: Cupid Esports vs Maryville University (BO5) - North (p=0.90 vol=$143k)
[23:28:23]   · Will FC Barcelona win on 2026-09-13? (p=0.85 vol=$116k)
[23:28:24]   RFQ create -> 200 {"rfq_id":"rfq-31d01bcef07a82a77bc72dbf","status":"AWAITING_REQUESTER_ACCEPTANCE","expires_at":1789169309404,"request":{"rfq_id":"rfq-31d01bcef07a82a77bc72dbf",
[23:28:24]   quote: cuota=1.21 blended=0.827 shares=11.48 total=$9.58
[23:28:24]   ⚖️ ventaja insuficiente: RFQ 1.21 vs mercado ~1.31 = EV -7.6% < 5% exigidos — NO se acepta ($0)
[23:28:24]   ❌ combo: ventaja_-7.6_insuficiente
[23:38:24] [AUTO] pasada (combos RFQ v11)
[23:38:25]   pagina 1: +50 mercados, 0 legs de deportes
[23:38:25]   pagina 2: +50 mercados, 0 legs de deportes
[23:38:25]   pagina 3: +50 mercados, 14 legs de deportes
[23:38:26]   pagina 4: +50 mercados, 57 legs de deportes
[23:38:26]   pagina 5: +50 mercados, 106 legs de deportes
[23:38:26] [COMBO] 2 legs · cuota est. 1.47 · stake $9.08 (AUTO)
[23:38:26]   · Will FC Barcelona win on 2026-09-13? (p=0.85 vol=$116k)
[23:38:26]   · Baltimore Orioles vs. Toronto Blue Jays (p=0.80 vol=$106k)
[23:38:27]   RFQ create -> 200 {"rfq_id":"rfq-2019cce2959414448eb8531a","status":"AWAITING_REQUESTER_ACCEPTANCE","expires_at":1789169912471,"request":{"rfq_id":"rfq-2019cce2959414448eb8531a",
[23:38:27]   quote: cuota=1.24 blended=0.806 shares=11.15 total=$9.08
[23:38:27]   ⚖️ ventaja insuficiente: RFQ 1.24 vs mercado ~1.47 = EV -15.6% < 5% exigidos — NO se acepta ($0)
[23:38:27]   ❌ combo: ventaja_-15.6_insuficiente
[23:48:27] [AUTO] pasada (combos RFQ v11)
[23:48:28]   pagina 1: +50 mercados, 0 legs de deportes
[23:48:28]   pagina 2: +50 mercados, 0 legs de deportes
[23:48:28]   pagina 3: +50 mercados, 14 legs de deportes
[23:48:29]   pagina 4: +50 mercados, 57 legs de deportes
[23:48:29]   pagina 5: +50 mercados, 103 legs de deportes
[23:48:29] [COMBO] 2 legs · cuota est. 1.29 · stake $9.65 (AUTO)
[23:48:29]   · Baltimore Orioles vs. Toronto Blue Jays (p=0.91 vol=$127k)
[23:48:29]   · Will FC Barcelona win on 2026-09-13? (p=0.85 vol=$116k)
[23:48:30]   RFQ create -> 200 {"rfq_id":"rfq-bc4a539434530c8db386d22f","status":"AWAITING_REQUESTER_ACCEPTANCE","expires_at":1789170515567,"request":{"rfq_id":"rfq-bc4a539434530c8db386d22f",
[23:48:30]   quote: cuota=1.25 blended=0.800 shares=11.94 total=$9.65
[23:48:30]   ⚖️ ventaja insuficiente: RFQ 1.25 vs mercado ~1.29 = EV -3.1% < 5% exigidos — NO se acepta ($0)
[23:48:30]   ❌ combo: ventaja_-3.1_insuficiente
[23:58:30] [AUTO] pasada (combos RFQ v11)
[23:58:31]   pagina 1: +50 mercados, 0 legs de deportes
[23:58:31]   pagina 2: +50 mercados, 0 legs de deportes
[23:58:31]   pagina 3: +50 mercados, 14 legs de deportes
[23:58:32]   pagina 4: +50 mercados, 57 legs de deportes
[23:58:32]   pagina 5: +50 mercados, 103 legs de deportes
[23:58:32] [COMBO] 2 legs · cuota est. 1.29 · stake $9.65 (AUTO)
[23:58:32]   · Baltimore Orioles vs. Toronto Blue Jays (p=0.91 vol=$146k)
[23:58:32]   · Will FC Barcelona win on 2026-09-13? (p=0.85 vol=$116k)
[23:58:33]   RFQ create -> 200 {"rfq_id":"rfq-4b9a0ae81e82cd9e98243a0e","status":"AWAITING_REQUESTER_ACCEPTANCE","expires_at":1789171118531,"request":{"rfq_id":"rfq-4b9a0ae81e82cd9e98243a0e",
[23:58:33]   quote: cuota=1.25 blended=0.800 shares=11.94 total=$9.65
[23:58:33]   ⚖️ ventaja insuficiente: RFQ 1.25 vs mercado ~1.29 = EV -3.1% < 5% exigidos — NO se acepta ($0)
[23:58:33]   ❌ combo: ventaja_-3.1_insuficiente
[00:08:33] [AUTO] pasada (combos RFQ v11)
[00:08:34]   pagina 1: +50 mercados, 0 legs de deportes
[00:08:34]   pagina 2: +50 mercados, 0 legs de deportes
[00:08:35]   pagina 3: +50 mercados, 14 legs de deportes
[00:08:35]   pagina 4: +50 mercados, 57 legs de deportes
[00:08:35]   pagina 5: +50 mercados, 102 legs de deportes
[00:08:35] [COMBO] 2 legs · cuota est. 1.32 · stake $9.55 (AUTO)
[00:08:35]   · Will FC Barcelona win on 2026-09-13? (p=0.85 vol=$116k)
[00:08:35]   · Will Real Madrid CF win on 2026-09-12? (p=0.89 vol=$74k)
[00:08:36]   RFQ create -> 200 {"rfq_id":"rfq-ee44813dbeddccc6a8050ddb","status":"AWAITING_REQUESTER_ACCEPTANCE","expires_at":1789171721617,"request":{"rfq_id":"rfq-ee44813dbeddccc6a8050ddb",
[00:08:36]   quote: cuota=1.33 blended=0.754 shares=12.51 total=$9.55
[00:08:36]   ⚖️ ventaja insuficiente: RFQ 1.33 vs mercado ~1.32 = EV +0.8% < 5% exigidos — NO se acepta ($0)
[00:08:36]   ❌ combo: ventaja_+0.8_insuficiente
[00:18:36] [AUTO] pasada (combos RFQ v11)
[00:18:37]   pagina 1: +50 mercados, 0 legs de deportes
[00:18:37]   pagina 2: +50 mercados, 0 legs de deportes
[00:18:37]   pagina 3: +50 mercados, 14 legs de deportes
[00:18:38]   pagina 4: +50 mercados, 57 legs de deportes
[00:18:38]   pagina 5: +50 mercados, 101 legs de deportes
[00:18:38] [COMBO] 2 legs · cuota est. 1.32 · stake $9.55 (AUTO)
[00:18:38]   · Will FC Barcelona win on 2026-09-13? (p=0.85 vol=$116k)
[00:18:38]   · Will Real Madrid CF win on 2026-09-12? (p=0.89 vol=$74k)
[00:18:39]   RFQ create -> 200 {"rfq_id":"rfq-de48100d1d3f8c245e425616","status":"AWAITING_REQUESTER_ACCEPTANCE","expires_at":1789172324713,"request":{"rfq_id":"rfq-de48100d1d3f8c245e425616",
[00:18:39]   quote: cuota=1.33 blended=0.754 shares=12.51 total=$9.55
[00:18:39]   ⚖️ ventaja insuficiente: RFQ 1.33 vs mercado ~1.32 = EV +0.8% < 5% exigidos — NO se acepta ($0)
[00:18:39]   ❌ combo: ventaja_+0.8_insuficiente
[00:28:39] [AUTO] pasada (combos RFQ v11)
[00:28:40]   pagina 1: +50 mercados, 0 legs de deportes
[00:28:40]   pagina 2: +50 mercados, 1 legs de deportes
[00:28:41]   pagina 3: +50 mercados, 14 legs de deportes
[00:28:41]   pagina 4: +50 mercados, 54 legs de deportes
[00:28:41]   pagina 5: +50 mercados, 99 legs de deportes
[00:28:41] [COMBO] 2 legs · cuota est. 1.32 · stake $9.55 (AUTO)
[00:28:41]   · Will FC Barcelona win on 2026-09-13? (p=0.85 vol=$116k)
[00:28:41]   · Will Real Madrid CF win on 2026-09-12? (p=0.89 vol=$74k)
[00:28:42]   RFQ create -> 200 {"rfq_id":"rfq-31638ab05c8f9e4bad0bacac","status":"AWAITING_REQUESTER_ACCEPTANCE","expires_at":1789172927602,"request":{"rfq_id":"rfq-31638ab05c8f9e4bad0bacac",
[00:28:42]   quote: cuota=1.33 blended=0.754 shares=12.51 total=$9.55
[00:28:42]   ⚖️ ventaja insuficiente: RFQ 1.33 vs mercado ~1.32 = EV +0.8% < 5% exigidos — NO se acepta ($0)
[00:28:42]   ❌ combo: ventaja_+0.8_insuficiente
[00:33:27] loop err: The read operation timed out
[00:38:42] [AUTO] pasada (combos RFQ v11)
[00:38:43]   pagina 1: +50 mercados, 0 legs de deportes
[00:38:43]   pagina 2: +50 mercados, 1 legs de deportes
[00:38:43]   pagina 3: +50 mercados, 14 legs de deportes
[00:38:44]   pagina 4: +50 mercados, 55 legs de deportes
[00:38:44]   pagina 5: +50 mercados, 100 legs de deportes
[00:38:44] [COMBO] 2 legs · cuota est. 1.32 · stake $9.55 (AUTO)
[00:38:44]   · Will FC Barcelona win on 2026-09-13? (p=0.85 vol=$116k)
[00:38:44]   · Will Real Madrid CF win on 2026-09-12? (p=0.89 vol=$74k)
[00:38:45]   RFQ create -> 200 {"rfq_id":"rfq-3a8bb8a243b13faf64758e85","status":"AWAITING_REQUESTER_ACCEPTANCE","expires_at":1789173530523,"request":{"rfq_id":"rfq-3a8bb8a243b13faf64758e85",
[00:38:45]   quote: cuota=1.33 blended=0.754 shares=12.51 total=$9.55
[00:38:45]   ⚖️ ventaja insuficiente: RFQ 1.33 vs mercado ~1.32 = EV +0.8% < 5% exigidos — NO se acepta ($0)
[00:38:45]   ❌ combo: ventaja_+0.8_insuficiente
[00:48:45] [AUTO] pasada (combos RFQ v11)
[00:48:46]   pagina 1: +50 mercados, 0 legs de deportes
[00:48:46]   pagina 2: +50 mercados, 1 legs de deportes
[00:48:46]   pagina 3: +50 mercados, 14 legs de deportes
[00:48:47]   pagina 4: +50 mercados, 56 legs de deportes
[00:48:47]   pagina 5: +50 mercados, 102 legs de deportes
[00:48:47] [COMBO] 2 legs · cuota est. 1.32 · stake $9.55 (AUTO)
[00:48:47]   · Will FC Barcelona win on 2026-09-13? (p=0.85 vol=$116k)
[00:48:47]   · Will Real Madrid CF win on 2026-09-12? (p=0.89 vol=$74k)
[00:48:48]   RFQ create -> 200 {"rfq_id":"rfq-e92921780d1e703c62714322","status":"AWAITING_REQUESTER_ACCEPTANCE","expires_at":1789174133618,"request":{"rfq_id":"rfq-e92921780d1e703c62714322",
[00:48:48]   quote: cuota=1.32 blended=0.755 shares=12.50 total=$9.55
[00:48:48]   ⚖️ ventaja insuficiente: RFQ 1.32 vs mercado ~1.32 = EV +0.0% < 5% exigidos — NO se acepta ($0)
[00:48:48]   ❌ combo: ventaja_+0.0_insuficiente
[00:49:34] loop err: The read operation timed out
[00:58:48] [AUTO] pasada (combos RFQ v11)
[00:58:49]   pagina 1: +50 mercados, 0 legs de deportes
[00:58:49]   pagina 2: +50 mercados, 1 legs de deportes
[00:58:50]   pagina 3: +50 mercados, 14 legs de deportes
[00:58:50]   pagina 4: +50 mercados, 56 legs de deportes
[00:58:50]   pagina 5: +50 mercados, 102 legs de deportes
[00:58:50] [COMBO] 2 legs · cuota est. 1.32 · stake $9.55 (AUTO)
[00:58:50]   · Will FC Barcelona win on 2026-09-13? (p=0.85 vol=$116k)
[00:58:50]   · Will Real Madrid CF win on 2026-09-12? (p=0.89 vol=$74k)
[00:59:21]   RFQ create -> 200 {"rfq_id":"rfq-0ddc61b834c6fc8c7a87ceb6","status":"AWAITING_REQUESTER_ACCEPTANCE","expires_at":1789174766666,"request":{"rfq_id":"rfq-0ddc61b834c6fc8c7a87ceb6",
[00:59:21]   quote: cuota=1.3 blended=0.766 shares=12.32 total=$9.55
[00:59:21]   ⚖️ ventaja insuficiente: RFQ 1.3 vs mercado ~1.32 = EV -1.5% < 5% exigidos — NO se acepta ($0)
[00:59:21]   ❌ combo: ventaja_-1.5_insuficiente
[01:08:51] [AUTO] pasada (combos RFQ v11)
[01:08:52]   pagina 1: +50 mercados, 0 legs de deportes
[01:08:52]   pagina 2: +50 mercados, 1 legs de deportes
[01:08:53]   pagina 3: +50 mercados, 13 legs de deportes
[01:08:53]   pagina 4: +50 mercados, 54 legs de deportes
[01:08:53]   pagina 5: +50 mercados, 98 legs de deportes
[01:08:53] [COMBO] 2 legs · cuota est. 1.32 · stake $9.55 (AUTO)
[01:08:53]   · Will FC Barcelona win on 2026-09-13? (p=0.85 vol=$116k)
[01:08:53]   · Will Real Madrid CF win on 2026-09-12? (p=0.89 vol=$74k)
[01:08:54]   RFQ create -> 200 {"rfq_id":"rfq-f51426c6bd1e68ef8422056c","status":"AWAITING_REQUESTER_ACCEPTANCE","expires_at":1789175339810,"request":{"rfq_id":"rfq-f51426c6bd1e68ef8422056c",
[01:08:54]   quote: cuota=1.32 blended=0.755 shares=12.50 total=$9.55
[01:08:54]   ⚖️ ventaja insuficiente: RFQ 1.32 vs mercado ~1.32 = EV +0.0% < 5% exigidos — NO se acepta ($0)
[01:08:54]   ❌ combo: ventaja_+0.0_insuficiente
[01:18:55] [AUTO] pasada (combos RFQ v11)
[01:18:55]   pagina 1: +50 mercados, 0 legs de deportes
[01:18:55]   pagina 2: +50 mercados, 1 legs de deportes
[01:18:56]   pagina 3: +50 mercados, 13 legs de deportes
[01:18:56]   pagina 4: +50 mercados, 52 legs de deportes
[01:18:57]   pagina 5: +50 mercados, 94 legs de deportes
[01:18:57] [COMBO] 2 legs · cuota est. 1.32 · stake $9.55 (AUTO)
[01:18:57]   · Will FC Barcelona win on 2026-09-13? (p=0.85 vol=$116k)
[01:18:57]   · Will Real Madrid CF win on 2026-09-12? (p=0.89 vol=$74k)
[01:19:28]   RFQ create -> 200 {"rfq_id":"rfq-5395b03eecdfdafb943ac6fc","status":"AWAITING_REQUESTER_ACCEPTANCE","expires_at":1789175972981,"request":{"rfq_id":"rfq-5395b03eecdfdafb943ac6fc",
[01:19:28]   quote: cuota=1.33 blended=0.754 shares=12.51 total=$9.55
[01:19:28]   ⚖️ ventaja insuficiente: RFQ 1.33 vs mercado ~1.32 = EV +0.8% < 5% exigidos — NO se acepta ($0)
[01:19:28]   ❌ combo: ventaja_+0.8_insuficiente
[01:28:58] [AUTO] pasada (combos RFQ v11)
[01:28:58]   pagina 1: +50 mercados, 0 legs de deportes
[01:28:58]   pagina 2: +50 mercados, 1 legs de deportes
[01:28:59]   pagina 3: +50 mercados, 13 legs de deportes
[01:28:59]   pagina 4: +50 mercados, 48 legs de deportes
[01:29:00]   pagina 5: +50 mercados, 90 legs de deportes
[01:29:00] [COMBO] 2 legs · cuota est. 1.32 · stake $9.55 (AUTO)
[01:29:00]   · Will FC Barcelona win on 2026-09-13? (p=0.85 vol=$116k)
[01:29:00]   · Will Real Madrid CF win on 2026-09-12? (p=0.89 vol=$76k)
[01:29:01]   RFQ create -> 200 {"rfq_id":"rfq-4b64a671db099a44a90af588","status":"AWAITING_REQUESTER_ACCEPTANCE","expires_at":1789176546054,"request":{"rfq_id":"rfq-4b64a671db099a44a90af588",
[01:29:01]   quote: cuota=1.33 blended=0.754 shares=12.51 total=$9.55
[01:29:01]   ⚖️ ventaja insuficiente: RFQ 1.33 vs mercado ~1.32 = EV +0.8% < 5% exigidos — NO se acepta ($0)
[01:29:01]   ❌ combo: ventaja_+0.8_insuficiente
[01:29:13] loop err: The read operation timed out
[01:38:54] loop err: <urlopen error [Errno 104] Connection reset by peer>
[01:39:01] [AUTO] pasada (combos RFQ v11)
[01:39:01]   pagina 1: +50 mercados, 0 legs de deportes
[01:39:02]   pagina 2: +50 mercados, 1 legs de deportes
[01:39:02]   pagina 3: +50 mercados, 13 legs de deportes
[01:39:02]   pagina 4: +50 mercados, 49 legs de deportes
[01:39:03]   pagina 5: +50 mercados, 91 legs de deportes
[01:39:03] [COMBO] 2 legs · cuota est. 1.32 · stake $9.55 (AUTO)
[01:39:03]   · Will FC Barcelona win on 2026-09-13? (p=0.85 vol=$116k)
[01:39:03]   · Will Real Madrid CF win on 2026-09-12? (p=0.89 vol=$76k)
[01:39:04]   RFQ create -> 200 {"rfq_id":"rfq-ff9a90c566d1bed7b834f1ed","status":"AWAITING_REQUESTER_ACCEPTANCE","expires_at":1789177148980,"request":{"rfq_id":"rfq-ff9a90c566d1bed7b834f1ed",
[01:39:04]   quote: cuota=1.33 blended=0.754 shares=12.51 total=$9.55
[01:39:04]   ⚖️ ventaja insuficiente: RFQ 1.33 vs mercado ~1.32 = EV +0.8% < 5% exigidos — NO se acepta ($0)
[01:39:04]   ❌ combo: ventaja_+0.8_insuficiente
[01:49:04] [AUTO] pasada (combos RFQ v11)
[01:49:04]   pagina 1: +50 mercados, 0 legs de deportes
[01:49:04]   pagina 2: +50 mercados, 1 legs de deportes
[01:49:05]   pagina 3: +50 mercados, 13 legs de deportes
[01:49:05]   pagina 4: +50 mercados, 49 legs de deportes
[01:49:06]   pagina 5: +50 mercados, 90 legs de deportes
[01:49:06] [COMBO] 2 legs · cuota est. 1.32 · stake $9.55 (AUTO)
[01:49:06]   · Will FC Barcelona win on 2026-09-13? (p=0.85 vol=$116k)
[01:49:06]   · Will Real Madrid CF win on 2026-09-12? (p=0.89 vol=$76k)
[01:49:06]   RFQ create -> 200 {"rfq_id":"rfq-6169ab73ebbee7c764ca88d0","status":"AWAITING_REQUESTER_ACCEPTANCE","expires_at":1789177751917,"request":{"rfq_id":"rfq-6169ab73ebbee7c764ca88d0",
[01:49:06]   quote: cuota=1.33 blended=0.754 shares=12.51 total=$9.55
[01:49:06]   ⚖️ ventaja insuficiente: RFQ 1.33 vs mercado ~1.32 = EV +0.8% < 5% exigidos — NO se acepta ($0)
[01:49:07]   ❌ combo: ventaja_+0.8_insuficiente
[01:59:07] [AUTO] pasada (combos RFQ v11)
[01:59:07]   pagina 1: +50 mercados, 0 legs de deportes
[01:59:07]   pagina 2: +50 mercados, 1 legs de deportes
[01:59:08]   pagina 3: +50 mercados, 12 legs de deportes
[01:59:08]   pagina 4: +50 mercados, 48 legs de deportes
[01:59:09]   pagina 5: +50 mercados, 87 legs de deportes
[01:59:09] [COMBO] 2 legs · cuota est. 1.32 · stake $9.55 (AUTO)
[01:59:09]   · Will FC Barcelona win on 2026-09-13? (p=0.85 vol=$116k)
[01:59:09]   · Will Real Madrid CF win on 2026-09-12? (p=0.89 vol=$76k)
[01:59:40]   RFQ create -> 200 {"rfq_id":"rfq-d233855ec50f03ef9a2e8dd0","status":"AWAITING_REQUESTER_ACCEPTANCE","expires_at":1789178384967,"request":{"rfq_id":"rfq-d233855ec50f03ef9a2e8dd0",
[01:59:40]   quote: cuota=1.33 blended=0.754 shares=12.51 total=$9.55
[01:59:40]   ⚖️ ventaja insuficiente: RFQ 1.33 vs mercado ~1.32 = EV +0.8% < 5% exigidos — NO se acepta ($0)
[01:59:40]   ❌ combo: ventaja_+0.8_insuficiente
[02:04:40]   v12.8.3: 477 fills reales de la wallet (evidencia de cadena)
[02:04:40]   verdad: 27 cobros REDEEM>0 por token + 79 por título (79 registros)
[02:04:45]   [auditoria:auto] APLICADA reabiertas=0 corregidas=0 confirmadas=47 manuales=0 nuevas=4 sin_datos=0 · PnL archivadas +11.16→+18.16
[02:09:10] [AUTO] pasada (combos RFQ v11)
[02:09:11]   pagina 1: +50 mercados, 0 legs de deportes
[02:09:11]   pagina 2: +50 mercados, 1 legs de deportes
[02:09:12]   pagina 3: +50 mercados, 12 legs de deportes
[02:09:12]   pagina 4: +50 mercados, 52 legs de deportes
[02:09:12]   pagina 5: +50 mercados, 93 legs de deportes
[02:09:12] [COMBO] 2 legs · cuota est. 1.32 · stake $9.55 (AUTO)
[02:09:12]   · Will FC Barcelona win on 2026-09-13? (p=0.85 vol=$116k)
[02:09:12]   · Will Real Madrid CF win on 2026-09-12? (p=0.89 vol=$76k)
[02:09:13]   RFQ create -> 200 {"rfq_id":"rfq-f4198561fb988d31244232b3","status":"AWAITING_REQUESTER_ACCEPTANCE","expires_at":1789178958653,"request":{"rfq_id":"rfq-f4198561fb988d31244232b3",
[02:09:13]   quote: cuota=1.33 blended=0.754 shares=12.51 total=$9.55
[02:09:13]   ⚖️ ventaja insuficiente: RFQ 1.33 vs mercado ~1.32 = EV +0.8% < 5% exigidos — NO se acepta ($0)
[02:09:13]   ❌ combo: ventaja_+0.8_insuficiente
[02:19:13] [AUTO] pasada (combos RFQ v11)
[02:19:14]   pagina 1: +50 mercados, 0 legs de deportes
[02:19:14]   pagina 2: +50 mercados, 1 legs de deportes
[02:19:15]   pagina 3: +50 mercados, 13 legs de deportes
[02:19:15]   pagina 4: +50 mercados, 54 legs de deportes
[02:19:15]   pagina 5: +50 mercados, 96 legs de deportes
[02:19:15] [COMBO] 2 legs · cuota est. 1.32 · stake $9.55 (AUTO)
[02:19:15]   · Will FC Barcelona win on 2026-09-13? (p=0.85 vol=$117k)
[02:19:15]   · Will Real Madrid CF win on 2026-09-12? (p=0.89 vol=$76k)
[02:19:16]   RFQ create -> 200 {"rfq_id":"rfq-d4db6d42aa03c3078b65e707","status":"AWAITING_REQUESTER_ACCEPTANCE","expires_at":1789179561745,"request":{"rfq_id":"rfq-d4db6d42aa03c3078b65e707",
[02:19:16]   quote: cuota=1.33 blended=0.754 shares=12.51 total=$9.55
[02:19:16]   ⚖️ ventaja insuficiente: RFQ 1.33 vs mercado ~1.32 = EV +0.8% < 5% exigidos — NO se acepta ($0)
[02:19:46]   ❌ combo: ventaja_+0.8_insuficiente
[02:29:17] [AUTO] pasada (combos RFQ v11)
[02:29:17]   pagina 1: +50 mercados, 0 legs de deportes
[02:29:17]   pagina 2: +50 mercados, 1 legs de deportes
[02:29:18]   pagina 3: +50 mercados, 14 legs de deportes
[02:29:18]   pagina 4: +50 mercados, 54 legs de deportes
[02:29:18]   pagina 5: +50 mercados, 96 legs de deportes
[02:29:18] [COMBO] 2 legs · cuota est. 1.32 · stake $9.55 (AUTO)
[02:29:18]   · Will FC Barcelona win on 2026-09-13? (p=0.85 vol=$117k)
[02:29:18]   · Will Real Madrid CF win on 2026-09-12? (p=0.89 vol=$76k)
[02:29:19]   RFQ create -> 200 {"rfq_id":"rfq-edcae6c5c0c0e63543692ed1","status":"AWAITING_REQUESTER_ACCEPTANCE","expires_at":1789180164796,"request":{"rfq_id":"rfq-edcae6c5c0c0e63543692ed1",
[02:29:19]   quote: cuota=1.32 blended=0.755 shares=12.50 total=$9.55
[02:29:19]   ⚖️ ventaja insuficiente: RFQ 1.32 vs mercado ~1.32 = EV +0.0% < 5% exigidos — NO se acepta ($0)
[02:29:19]   ❌ combo: ventaja_+0.0_insuficiente
[02:39:19] [AUTO] pasada (combos RFQ v11)
[02:39:20]   pagina 1: +50 mercados, 0 legs de deportes
[02:39:20]   pagina 2: +50 mercados, 1 legs de deportes
[02:39:21]   pagina 3: +50 mercados, 14 legs de deportes
[02:39:21]   pagina 4: +50 mercados, 56 legs de deportes
[02:39:22]   pagina 5: +50 mercados, 97 legs de deportes
[02:39:22] [COMBO] 2 legs · cuota est. 1.32 · stake $9.55 (AUTO)
[02:39:22]   · Will FC Barcelona win on 2026-09-13? (p=0.85 vol=$117k)
[02:39:22]   · Will Real Madrid CF win on 2026-09-12? (p=0.89 vol=$76k)
[02:39:23]   RFQ create -> 200 {"rfq_id":"rfq-bf8f1afd09c6d659081d85fa","status":"AWAITING_REQUESTER_ACCEPTANCE","expires_at":1789180767994,"request":{"rfq_id":"rfq-bf8f1afd09c6d659081d85fa",
[02:39:23]   quote: cuota=1.32 blended=0.755 shares=12.50 total=$9.55
[02:39:23]   ⚖️ ventaja insuficiente: RFQ 1.32 vs mercado ~1.32 = EV +0.0% < 5% exigidos — NO se acepta ($0)
[02:39:23]   ❌ combo: ventaja_+0.0_insuficiente
[02:49:23] [AUTO] pasada (combos RFQ v11)
[02:49:23]   pagina 1: +50 mercados, 0 legs de deportes
[02:49:24]   pagina 2: +50 mercados, 1 legs de deportes
[02:49:24]   pagina 3: +50 mercados, 13 legs de deportes
[02:49:24]   pagina 4: +50 mercados, 56 legs de deportes
[02:49:25]   pagina 5: +50 mercados, 100 legs de deportes
[02:49:25] [COMBO] 2 legs · cuota est. 1.32 · stake $9.55 (AUTO)
[02:49:25]   · Will FC Barcelona win on 2026-09-13? (p=0.85 vol=$118k)
[02:49:25]   · Will Real Madrid CF win on 2026-09-12? (p=0.89 vol=$76k)
[02:49:26]   RFQ create -> 200 {"rfq_id":"rfq-312199908ab8fe48807edc2c","status":"AWAITING_REQUESTER_ACCEPTANCE","expires_at":1789181371214,"request":{"rfq_id":"rfq-312199908ab8fe48807edc2c",
[02:49:26]   quote: cuota=1.32 blended=0.755 shares=12.50 total=$9.55
[02:49:26]   ⚖️ ventaja insuficiente: RFQ 1.32 vs mercado ~1.32 = EV +0.0% < 5% exigidos — NO se acepta ($0)
[02:49:26]   ❌ combo: ventaja_+0.0_insuficiente
[02:50:06] loop err: The read operation timed out
[02:53:52] loop err: The read operation timed out
[02:59:26] [AUTO] pasada (combos RFQ v11)
[02:59:26]   pagina 1: +50 mercados, 0 legs de deportes
[02:59:27]   pagina 2: +50 mercados, 1 legs de deportes
[02:59:27]   pagina 3: +50 mercados, 14 legs de deportes
[02:59:28]   pagina 4: +50 mercados, 56 legs de deportes
[02:59:28]   pagina 5: +50 mercados, 100 legs de deportes
[02:59:28] [COMBO] 2 legs · cuota est. 1.32 · stake $9.55 (AUTO)
[02:59:28]   · Will FC Barcelona win on 2026-09-13? (p=0.85 vol=$118k)
[02:59:28]   · Will Real Madrid CF win on 2026-09-12? (p=0.89 vol=$76k)
[02:59:29]   RFQ create -> 200 {"rfq_id":"rfq-2ceceb386611684558e431fd","status":"AWAITING_REQUESTER_ACCEPTANCE","expires_at":1789181974441,"request":{"rfq_id":"rfq-2ceceb386611684558e431fd",
[02:59:29]   quote: cuota=1.33 blended=0.754 shares=12.51 total=$9.55
[02:59:29]   ⚖️ ventaja insuficiente: RFQ 1.33 vs mercado ~1.32 = EV +0.8% < 5% exigidos — NO se acepta ($0)
[02:59:29]   ❌ combo: ventaja_+0.8_insuficiente
[03:09:29] [AUTO] pasada (combos RFQ v11)
[03:09:30]   pagina 1: +50 mercados, 0 legs de deportes
[03:09:30]   pagina 2: +50 mercados, 0 legs de deportes
[03:09:30]   pagina 3: +50 mercados, 12 legs de deportes
[03:09:31]   pagina 4: +50 mercados, 52 legs de deportes
[03:09:31]   pagina 5: +50 mercados, 96 legs de deportes
[03:09:31] [COMBO] 2 legs · cuota est. 1.32 · stake $9.55 (AUTO)
[03:09:31]   · Will FC Barcelona win on 2026-09-13? (p=0.85 vol=$118k)
[03:09:31]   · Will Real Madrid CF win on 2026-09-12? (p=0.89 vol=$76k)
[03:09:32]   RFQ create -> 200 {"rfq_id":"rfq-79195de08e1bb698aa5a3f7f","status":"AWAITING_REQUESTER_ACCEPTANCE","expires_at":1789182577458,"request":{"rfq_id":"rfq-79195de08e1bb698aa5a3f7f",
[03:09:32]   quote: cuota=1.33 blended=0.754 shares=12.51 total=$9.55
[03:09:32]   ⚖️ ventaja insuficiente: RFQ 1.33 vs mercado ~1.32 = EV +0.8% < 5% exigidos — NO se acepta ($0)
[03:09:32]   ❌ combo: ventaja_+0.8_insuficiente
[03:16:02] loop err: The read operation timed out
[03:19:32] [AUTO] pasada (combos RFQ v11)
[03:19:33]   pagina 1: +50 mercados, 0 legs de deportes
[03:19:33]   pagina 2: +50 mercados, 0 legs de deportes
[03:19:33]   pagina 3: +50 mercados, 11 legs de deportes
[03:19:34]   pagina 4: +50 mercados, 49 legs de deportes
[03:19:34]   pagina 5: +50 mercados, 93 legs de deportes
[03:19:34] [COMBO] 2 legs · cuota est. 1.32 · stake $9.55 (AUTO)
[03:19:34]   · Will FC Barcelona win on 2026-09-13? (p=0.85 vol=$118k)
[03:19:34]   · Will Real Madrid CF win on 2026-09-12? (p=0.89 vol=$82k)
[03:19:35]   RFQ create -> 200 {"rfq_id":"rfq-1db460af42231955d49b718e","status":"AWAITING_REQUESTER_ACCEPTANCE","expires_at":1789183180289,"request":{"rfq_id":"rfq-1db460af42231955d49b718e",
[03:19:35]   quote: cuota=1.33 blended=0.753 shares=12.53 total=$9.55
[03:19:35]   ⚖️ ventaja insuficiente: RFQ 1.33 vs mercado ~1.32 = EV +0.8% < 5% exigidos — NO se acepta ($0)
[03:19:35]   ❌ combo: ventaja_+0.8_insuficiente
[03:29:35] [AUTO] pasada (combos RFQ v11)
[03:29:35]   pagina 1: +50 mercados, 0 legs de deportes
[03:29:36]   pagina 2: +50 mercados, 0 legs de deportes
[03:29:36]   pagina 3: +50 mercados, 10 legs de deportes
[03:29:37]   pagina 4: +50 mercados, 50 legs de deportes
[03:29:37]   pagina 5: +50 mercados, 94 legs de deportes
[03:29:37] [COMBO] 2 legs · cuota est. 1.32 · stake $9.55 (AUTO)
[03:29:37]   · Will FC Barcelona win on 2026-09-13? (p=0.85 vol=$119k)
[03:29:37]   · Will Real Madrid CF win on 2026-09-12? (p=0.89 vol=$83k)
[03:29:38]   RFQ create -> 200 {"rfq_id":"rfq-379bee5363113044388ce088","status":"AWAITING_REQUESTER_ACCEPTANCE","expires_at":1789183783219,"request":{"rfq_id":"rfq-379bee5363113044388ce088",
[03:29:38]   quote: cuota=1.33 blended=0.753 shares=12.53 total=$9.55
[03:29:38]   ⚖️ ventaja insuficiente: RFQ 1.33 vs mercado ~1.32 = EV +0.8% < 5% exigidos — NO se acepta ($0)
[03:29:38]   ❌ combo: ventaja_+0.8_insuficiente
[03:30:50] loop err: The read operation timed out
[03:39:38] [AUTO] pasada (combos RFQ v11)
[03:39:38]   pagina 1: +50 mercados, 0 legs de deportes
[03:39:39]   pagina 2: +50 mercados, 0 legs de deportes
[03:39:39]   pagina 3: +50 mercados, 11 legs de deportes
[03:39:39]   pagina 4: +50 mercados, 54 legs de deportes
[03:39:40]   pagina 5: +50 mercados, 96 legs de deportes
[03:39:40] [COMBO] 2 legs · cuota est. 1.32 · stake $9.55 (AUTO)
[03:39:40]   · Will FC Barcelona win on 2026-09-13? (p=0.85 vol=$119k)
[03:39:40]   · Will Real Madrid CF win on 2026-09-12? (p=0.89 vol=$83k)
[03:39:41]   RFQ create -> 200 {"rfq_id":"rfq-88eff8edf7bc0674b54642ef","status":"AWAITING_REQUESTER_ACCEPTANCE","expires_at":1789184386226,"request":{"rfq_id":"rfq-88eff8edf7bc0674b54642ef",
[03:39:41]   quote: cuota=1.32 blended=0.758 shares=12.45 total=$9.55
[03:39:41]   ⚖️ ventaja insuficiente: RFQ 1.32 vs mercado ~1.32 = EV +0.0% < 5% exigidos — NO se acepta ($0)
[03:39:41]   ❌ combo: ventaja_+0.0_insuficiente
[03:49:41] [AUTO] pasada (combos RFQ v11)
[03:49:41]   pagina 1: +50 mercados, 0 legs de deportes
[03:49:42]   pagina 2: +50 mercados, 0 legs de deportes
[03:49:42]   pagina 3: +50 mercados, 11 legs de deportes
[03:49:42]   pagina 4: +50 mercados, 53 legs de deportes
[03:49:43]   pagina 5: +50 mercados, 97 legs de deportes
[03:49:43] [COMBO] 2 legs · cuota est. 1.32 · stake $9.55 (AUTO)
[03:49:43]   · Will FC Barcelona win on 2026-09-13? (p=0.85 vol=$119k)
[03:49:43]   · Will Real Madrid CF win on 2026-09-12? (p=0.89 vol=$83k)
[03:49:44]   RFQ create -> 200 {"rfq_id":"rfq-a5c10a22d9f893d5eb5b5772","status":"AWAITING_REQUESTER_ACCEPTANCE","expires_at":1789184989174,"request":{"rfq_id":"rfq-a5c10a22d9f893d5eb5b5772",
[03:49:44]   quote: cuota=1.33 blended=0.754 shares=12.51 total=$9.55
[03:49:44]   ⚖️ ventaja insuficiente: RFQ 1.33 vs mercado ~1.32 = EV +0.8% < 5% exigidos — NO se acepta ($0)
[03:49:44]   ❌ combo: ventaja_+0.8_insuficiente
[03:59:44] [AUTO] pasada (combos RFQ v11)
[03:59:44]   pagina 1: +50 mercados, 0 legs de deportes
[03:59:45]   pagina 2: +50 mercados, 0 legs de deportes
[03:59:45]   pagina 3: +50 mercados, 13 legs de deportes
[03:59:45]   pagina 4: +50 mercados, 54 legs de deportes
[03:59:46]   pagina 5: +50 mercados, 96 legs de deportes
[03:59:46] [COMBO] 2 legs · cuota est. 1.32 · stake $9.55 (AUTO)
[03:59:46]   · Will FC Barcelona win on 2026-09-13? (p=0.85 vol=$119k)
[03:59:46]   · Will Real Madrid CF win on 2026-09-12? (p=0.89 vol=$83k)
[03:59:47]   RFQ create -> 200 {"rfq_id":"rfq-3b1c42c710dcd569d44fd8a8","status":"AWAITING_REQUESTER_ACCEPTANCE","expires_at":1789185592265,"request":{"rfq_id":"rfq-3b1c42c710dcd569d44fd8a8",
[03:59:47]   quote: cuota=1.33 blended=0.754 shares=12.51 total=$9.55
[03:59:47]   ⚖️ ventaja insuficiente: RFQ 1.33 vs mercado ~1.32 = EV +0.8% < 5% exigidos — NO se acepta ($0)
[03:59:47]   ❌ combo: ventaja_+0.8_insuficiente
[04:09:47] [AUTO] pasada (combos RFQ v11)
[04:09:47]   pagina 1: +50 mercados, 0 legs de deportes
[04:09:48]   pagina 2: +50 mercados, 0 legs de deportes
[04:09:48]   pagina 3: +50 mercados, 11 legs de deportes
[04:09:49]   pagina 4: +50 mercados, 51 legs de deportes
[04:09:49]   pagina 5: +50 mercados, 93 legs de deportes
[04:09:49] [COMBO] 2 legs · cuota est. 1.32 · stake $9.55 (AUTO)
[04:09:49]   · Will FC Barcelona win on 2026-09-13? (p=0.85 vol=$119k)
[04:09:49]   · Will Real Madrid CF win on 2026-09-12? (p=0.89 vol=$83k)
[04:09:50]   RFQ create -> 200 {"rfq_id":"rfq-d74de8cd3b538063aba8c50b","status":"AWAITING_REQUESTER_ACCEPTANCE","expires_at":1789186195242,"request":{"rfq_id":"rfq-d74de8cd3b538063aba8c50b",
[04:09:50]   quote: cuota=1.31 blended=0.765 shares=12.34 total=$9.55
[04:09:50]   ⚖️ ventaja insuficiente: RFQ 1.31 vs mercado ~1.32 = EV -0.8% < 5% exigidos — NO se acepta ($0)
[04:10:20]   ❌ combo: ventaja_-0.8_insuficiente
[04:19:50] [AUTO] pasada (combos RFQ v11)
[04:19:50]   pagina 1: +50 mercados, 0 legs de deportes
[04:19:51]   pagina 2: +50 mercados, 0 legs de deportes
[04:19:51]   pagina 3: +50 mercados, 11 legs de deportes
[04:19:51]   pagina 4: +50 mercados, 54 legs de deportes
[04:19:52]   pagina 5: +50 mercados, 96 legs de deportes
[04:19:52] [COMBO] 2 legs · cuota est. 1.32 · stake $9.55 (AUTO)
[04:19:52]   · Will FC Barcelona win on 2026-09-13? (p=0.85 vol=$119k)
[04:19:52]   · Will Real Madrid CF win on 2026-09-12? (p=0.89 vol=$83k)
[04:19:53]   RFQ create -> 200 {"rfq_id":"rfq-413c1c2b34449f52d96948f1","status":"AWAITING_REQUESTER_ACCEPTANCE","expires_at":1789186798188,"request":{"rfq_id":"rfq-413c1c2b34449f52d96948f1",
[04:19:53]   quote: cuota=1.32 blended=0.756 shares=12.48 total=$9.55
[04:19:53]   ⚖️ ventaja insuficiente: RFQ 1.32 vs mercado ~1.32 = EV +0.0% < 5% exigidos — NO se acepta ($0)
[04:19:53]   ❌ combo: ventaja_+0.0_insuficiente
[04:29:53] [AUTO] pasada (combos RFQ v11)
[04:29:53]   pagina 1: +50 mercados, 0 legs de deportes
[04:29:54]   pagina 2: +50 mercados, 0 legs de deportes
[04:29:54]   pagina 3: +50 mercados, 11 legs de deportes
[04:29:54]   pagina 4: +50 mercados, 54 legs de deportes
[04:29:55]   pagina 5: +50 mercados, 98 legs de deportes
[04:29:55] [COMBO] 2 legs · cuota est. 1.32 · stake $9.55 (AUTO)
[04:29:55]   · Will FC Barcelona win on 2026-09-13? (p=0.85 vol=$120k)
[04:29:55]   · Will Real Madrid CF win on 2026-09-12? (p=0.89 vol=$86k)
[04:29:56]   RFQ create -> 200 {"rfq_id":"rfq-c33156badfcbf4ac7457f053","status":"AWAITING_REQUESTER_ACCEPTANCE","expires_at":1789187401201,"request":{"rfq_id":"rfq-c33156badfcbf4ac7457f053",
[04:29:56]   quote: cuota=1.32 blended=0.756 shares=12.48 total=$9.55
[04:29:56]   ⚖️ ventaja insuficiente: RFQ 1.32 vs mercado ~1.32 = EV +0.0% < 5% exigidos — NO se acepta ($0)
[04:29:56]   ❌ combo: ventaja_+0.0_insuficiente
[04:39:56] [AUTO] pasada (combos RFQ v11)
[04:39:56]   pagina 1: +50 mercados, 0 legs de deportes
[04:39:57]   pagina 2: +50 mercados, 0 legs de deportes
[04:39:57]   pagina 3: +50 mercados, 11 legs de deportes
[04:39:57]   pagina 4: +50 mercados, 54 legs de deportes
[04:39:58]   pagina 5: +50 mercados, 98 legs de deportes
[04:39:58] [COMBO] 2 legs · cuota est. 1.32 · stake $9.55 (AUTO)
[04:39:58]   · Will FC Barcelona win on 2026-09-13? (p=0.85 vol=$120k)
[04:39:58]   · Will Real Madrid CF win on 2026-09-12? (p=0.89 vol=$86k)
[04:40:29]   RFQ create -> 200 {"rfq_id":"rfq-b68603f72f8e414c3ce02aa0","status":"AWAITING_REQUESTER_ACCEPTANCE","expires_at":1789188034276,"request":{"rfq_id":"rfq-b68603f72f8e414c3ce02aa0",
[04:40:29]   quote: cuota=1.31 blended=0.765 shares=12.33 total=$9.55
[04:40:29]   ⚖️ ventaja insuficiente: RFQ 1.31 vs mercado ~1.32 = EV -0.8% < 5% exigidos — NO se acepta ($0)
[04:40:29]   ❌ combo: ventaja_-0.8_insuficiente
[04:49:59] [AUTO] pasada (combos RFQ v11)
[04:49:59]   pagina 1: +50 mercados, 0 legs de deportes
[04:50:00]   pagina 2: +50 mercados, 0 legs de deportes
[04:50:00]   pagina 3: +50 mercados, 12 legs de deportes
[04:50:00]   pagina 4: +50 mercados, 54 legs de deportes
[04:50:01]   pagina 5: +50 mercados, 97 legs de deportes
[04:50:01] [COMBO] 2 legs · cuota est. 1.32 · stake $9.55 (AUTO)
[04:50:01]   · Will FC Barcelona win on 2026-09-13? (p=0.85 vol=$120k)
[04:50:01]   · Will Real Madrid CF win on 2026-09-12? (p=0.89 vol=$86k)
[04:50:02]   RFQ create -> 200 {"rfq_id":"rfq-5a8f4cc67db42027a1988ad4","status":"AWAITING_REQUESTER_ACCEPTANCE","expires_at":1789188607145,"request":{"rfq_id":"rfq-5a8f4cc67db42027a1988ad4",
[04:50:02]   quote: cuota=1.32 blended=0.760 shares=12.42 total=$9.55
[04:50:02]   ⚖️ ventaja insuficiente: RFQ 1.32 vs mercado ~1.32 = EV +0.0% < 5% exigidos — NO se acepta ($0)
[04:50:02]   ❌ combo: ventaja_+0.0_insuficiente
[05:00:02] [AUTO] pasada (combos RFQ v11)
[05:00:02]   pagina 1: +50 mercados, 0 legs de deportes
[05:00:03]   pagina 2: +50 mercados, 0 legs de deportes
[05:00:03]   pagina 3: +50 mercados, 11 legs de deportes
[05:00:03]   pagina 4: +50 mercados, 51 legs de deportes
[05:00:04]   pagina 5: +50 mercados, 95 legs de deportes
[05:00:04] [COMBO] 2 legs · cuota est. 1.32 · stake $9.55 (AUTO)
[05:00:04]   · Will FC Barcelona win on 2026-09-13? (p=0.85 vol=$122k)
[05:00:04]   · Will Real Madrid CF win on 2026-09-12? (p=0.89 vol=$107k)
[05:00:05]   RFQ create -> 200 {"rfq_id":"rfq-91b1fe1445bf4b7b4619a289","status":"AWAITING_REQUESTER_ACCEPTANCE","expires_at":1789189210074,"request":{"rfq_id":"rfq-91b1fe1445bf4b7b4619a289",
[05:00:05]   quote: cuota=1.31 blended=0.765 shares=12.33 total=$9.55
[05:00:05]   ⚖️ ventaja insuficiente: RFQ 1.31 vs mercado ~1.32 = EV -0.8% < 5% exigidos — NO se acepta ($0)
[05:00:05]   ❌ combo: ventaja_-0.8_insuficiente
[05:10:05] [AUTO] pasada (combos RFQ v11)
[05:10:05]   pagina 1: +50 mercados, 0 legs de deportes
[05:10:05]   pagina 2: +50 mercados, 0 legs de deportes
[05:10:06]   pagina 3: +50 mercados, 10 legs de deportes
[05:10:06]   pagina 4: +50 mercados, 49 legs de deportes
[05:10:06]   pagina 5: +50 mercados, 91 legs de deportes
[05:10:06] [COMBO] 2 legs · cuota est. 1.32 · stake $9.55 (AUTO)
[05:10:06]   · Will FC Barcelona win on 2026-09-13? (p=0.85 vol=$122k)
[05:10:06]   · Will Real Madrid CF win on 2026-09-12? (p=0.89 vol=$107k)
[05:10:37]   RFQ create -> 200 {"rfq_id":"rfq-15347a0d9507d45d6a2cf7e4","status":"AWAITING_REQUESTER_ACCEPTANCE","expires_at":1789189842844,"request":{"rfq_id":"rfq-15347a0d9507d45d6a2cf7e4",
[05:10:37]   quote: cuota=1.33 blended=0.752 shares=12.54 total=$9.55
[05:10:37]   ⚖️ ventaja insuficiente: RFQ 1.33 vs mercado ~1.32 = EV +0.8% < 5% exigidos — NO se acepta ($0)
[05:10:37]   ❌ combo: ventaja_+0.8_insuficiente
[05:20:08] [AUTO] pasada (combos RFQ v11)
[05:20:08]   pagina 1: +50 mercados, 0 legs de deportes
[05:20:08]   pagina 2: +50 mercados, 0 legs de deportes
[05:20:09]   pagina 3: +50 mercados, 12 legs de deportes
[05:20:09]   pagina 4: +50 mercados, 52 legs de deportes
[05:20:09]   pagina 5: +50 mercados, 96 legs de deportes
[05:20:09] [COMBO] 2 legs · cuota est. 1.34 · stake $9.48 (AUTO)
[05:20:09]   · Will FC Barcelona win on 2026-09-13? (p=0.85 vol=$123k)
[05:20:09]   · Will Real Madrid CF win on 2026-09-12? (p=0.88 vol=$117k)
[05:20:10]   RFQ create -> 200 {"rfq_id":"rfq-ef94948a57f9ebcab9cfb8b6","status":"AWAITING_REQUESTER_ACCEPTANCE","expires_at":1789190415752,"request":{"rfq_id":"rfq-ef94948a57f9ebcab9cfb8b6",
[05:20:10]   quote: cuota=1.33 blended=0.752 shares=12.45 total=$9.48
[05:20:10]   ⚖️ ventaja insuficiente: RFQ 1.33 vs mercado ~1.34 = EV -0.7% < 5% exigidos — NO se acepta ($0)
[05:20:10]   ❌ combo: ventaja_-0.7_insuficiente
[05:21:09] loop err: <urlopen error [Errno 104] Connection reset by peer>
[05:30:10] [AUTO] pasada (combos RFQ v11)
[05:30:11]   pagina 1: +50 mercados, 0 legs de deportes
[05:30:11]   pagina 2: +50 mercados, 0 legs de deportes
[05:30:12]   pagina 3: +50 mercados, 12 legs de deportes
[05:30:12]   pagina 4: +50 mercados, 53 legs de deportes
[05:30:12]   pagina 5: +50 mercados, 95 legs de deportes
[05:30:12] [COMBO] 2 legs · cuota est. 1.34 · stake $9.48 (AUTO)
[05:30:12]   · Will FC Barcelona win on 2026-09-13? (p=0.85 vol=$132k)
[05:30:12]   · Will Real Madrid CF win on 2026-09-12? (p=0.88 vol=$123k)
[05:30:13]   RFQ create -> 200 {"rfq_id":"rfq-3878376fa31c1532daa0195c","status":"AWAITING_REQUESTER_ACCEPTANCE","expires_at":1789191018560,"request":{"rfq_id":"rfq-3878376fa31c1532daa0195c",
[05:30:13]   quote: cuota=1.33 blended=0.752 shares=12.45 total=$9.48
[05:30:13]   ⚖️ ventaja insuficiente: RFQ 1.33 vs mercado ~1.34 = EV -0.7% < 5% exigidos — NO se acepta ($0)
[05:30:13]   ❌ combo: ventaja_-0.7_insuficiente
[05:40:13] [AUTO] pasada (combos RFQ v11)
[05:40:14]   pagina 1: +50 mercados, 0 legs de deportes
[05:40:14]   pagina 2: +50 mercados, 0 legs de deportes
[05:40:14]   pagina 3: +50 mercados, 13 legs de deportes
[05:40:15]   pagina 4: +50 mercados, 56 legs de deportes
[05:40:15]   pagina 5: +50 mercados, 98 legs de deportes
[05:40:15] [COMBO] 2 legs · cuota est. 1.34 · stake $9.48 (AUTO)
[05:40:15]   · Will FC Barcelona win on 2026-09-13? (p=0.85 vol=$132k)
[05:40:15]   · Will Real Madrid CF win on 2026-09-12? (p=0.88 vol=$123k)
[05:40:46]   RFQ create -> 200 {"rfq_id":"rfq-65c68daaf3aef7e5f9eba058","status":"AWAITING_REQUESTER_ACCEPTANCE","expires_at":1789191651288,"request":{"rfq_id":"rfq-65c68daaf3aef7e5f9eba058",
[05:40:46]   quote: cuota=1.32 blended=0.758 shares=12.36 total=$9.48
[05:40:46]   ⚖️ ventaja insuficiente: RFQ 1.32 vs mercado ~1.34 = EV -1.5% < 5% exigidos — NO se acepta ($0)
[05:40:46]   ❌ combo: ventaja_-1.5_insuficiente
[05:50:16] [AUTO] pasada (combos RFQ v11)
[05:50:16]   pagina 1: +50 mercados, 0 legs de deportes
[05:50:17]   pagina 2: +50 mercados, 0 legs de deportes
[05:50:17]   pagina 3: +50 mercados, 14 legs de deportes
[05:50:18]   pagina 4: +50 mercados, 57 legs de deportes
[05:50:19]   pagina 5: +50 mercados, 101 legs de deportes
[05:50:19] [COMBO] 2 legs · cuota est. 1.34 · stake $9.48 (AUTO)
[05:50:19]   · Will Real Madrid CF win on 2026-09-12? (p=0.88 vol=$145k)
[05:50:19]   · Will FC Barcelona win on 2026-09-13? (p=0.85 vol=$132k)
[05:50:20]   RFQ create -> 200 {"rfq_id":"rfq-32f508282faa7da379fe55ff","status":"AWAITING_REQUESTER_ACCEPTANCE","expires_at":1789192225152,"request":{"rfq_id":"rfq-32f508282faa7da379fe55ff",
[05:50:20]   quote: cuota=1.32 blended=0.758 shares=12.36 total=$9.48
[05:50:20]   ⚖️ ventaja insuficiente: RFQ 1.32 vs mercado ~1.34 = EV -1.5% < 5% exigidos — NO se acepta ($0)
[05:50:20]   ❌ combo: ventaja_-1.5_insuficiente
[06:00:20] [AUTO] pasada (combos RFQ v11)
[06:00:20]   pagina 1: +50 mercados, 0 legs de deportes
[06:00:21]   pagina 2: +50 mercados, 1 legs de deportes
[06:00:21]   pagina 3: +50 mercados, 14 legs de deportes
[06:00:21]   pagina 4: +50 mercados, 57 legs de deportes
[06:00:22]   pagina 5: +50 mercados, 101 legs de deportes
[06:00:22] [COMBO] 2 legs · cuota est. 1.47 · stake $9.08 (AUTO)
[06:00:22]   · LoL: Hanwha Life Esports vs T1 - Game 1 Winner (p=0.78 vol=$949k)
[06:00:22]   · Will Real Madrid CF win on 2026-09-12? (p=0.88 vol=$145k)
[06:00:52]   RFQ create -> 200 {"rfq_id":"rfq-6477a94eae2cf75119272759","status":"AWAITING_REQUESTER_ACCEPTANCE","expires_at":1789192857951,"request":{"rfq_id":"rfq-6477a94eae2cf75119272759",
[06:00:52]   quote: cuota=1.55 blended=0.643 shares=13.87 total=$9.08
[06:00:52]   stake AUTO ajustado con cuota real: $9.08 -> $9.75
[06:00:53]   saldo CLOB ok: $237.53 >= $9.08
[06:00:54]   RFQ accept -> 200 {"rfq_id":"rfq-6477a94eae2cf75119272759","status":"EXECUTING","taker_order_hash":"0x9c9458aa1d8f8c2e5db9fef3973a1bebd46535b568c42d8b719bad201d86eeab"}

[06:01:04]   RFQ status final: CONFIRMED tx=0xbdfee3fc5e34ae8dc3c5debd
[06:01:04]   ✅ combo OK: {'oid': 'rfq-6477a94eae2cf75119272759', 'status': 'CONFIRMED', 'cuota': 1.55}
[06:04:45]   v12.8.3: 478 fills reales de la wallet (evidencia de cadena)
[06:04:45]   verdad: 27 cobros REDEEM>0 por token + 79 por título (79 registros)
[06:04:50]   [auditoria:auto] APLICADA reabiertas=0 corregidas=0 confirmadas=51 manuales=0 nuevas=0 sin_datos=0 · PnL archivadas +18.16→+18.16
[06:05:49] intervalo AUTO restaurado: 10 min
[06:05:49]   modo restaurado del estado: AUTO
[06:05:49] stake=AUTO · max ops/día=10 · prob AUTO ≥65% · PIN ops fijo (4 cifras)
[06:05:49]   horario restaurado: próxima pasada en 4 min
[06:05:49]   auto-curación: la última fue hace 1 min → próxima en 4.0h
[06:05:50]   v12.8.3: 478 fills reales de la wallet (evidencia de cadena)
[06:05:50]   verdad: 27 cobros REDEEM>0 por token + 79 por título (79 registros)
[06:05:50] v12.8.4 cargado · modo=AUTO · stake=AUTO $5-$10 (según cuota/ventaja) · max 10/día · prob ≥65%
[06:05:50] Proxy: http://100.83.57.99:8888
[06:05:51] Test proxy: 200
[06:05:51] v12.8.4 iniciado
[06:06:02] intervalo AUTO restaurado: 10 min
[06:06:02]   modo restaurado del estado: AUTO
[06:06:02] stake=AUTO · max ops/día=10 · prob AUTO ≥65% · PIN ops fijo (4 cifras)
[06:06:02]   horario restaurado: próxima pasada en 4 min
[06:06:02]   auto-curación: la última fue hace 1 min → próxima en 4.0h
[06:06:02]   v12.8.3: 478 fills reales de la wallet (evidencia de cadena)
[06:06:02]   verdad: 27 cobros REDEEM>0 por token + 79 por título (79 registros)
[06:06:02] v12.8.4 cargado · modo=AUTO · stake=AUTO $5-$10 (según cuota/ventaja) · max 10/día · prob ≥65%
[06:06:02] Proxy: http://100.83.57.99:8888
[06:06:03] Test proxy: 200
[06:06:03] v12.8.4 iniciado
[06:10:23] [AUTO] pasada (combos RFQ v11)
[06:10:24]   pagina 1: +50 mercados, 0 legs de deportes
[06:10:24]   pagina 2: +50 mercados, 1 legs de deportes
[06:10:24]   pagina 3: +50 mercados, 14 legs de deportes
[06:10:25]   pagina 4: +50 mercados, 57 legs de deportes
[06:10:25]   pagina 5: +50 mercados, 102 legs de deportes
[06:10:25] [COMBO] 2 legs · cuota est. 1.47 · stake $9.08 (AUTO)
[06:10:25]   · Will FC Barcelona win on 2026-09-13? (p=0.85 vol=$133k)
[06:10:25]   · Will Chelsea FC win on 2026-09-12? (p=0.80 vol=$73k)
[06:10:26]   RFQ: identidad lista (signer 0x8a22F798... maker 0xb0E11970...)
[06:10:27]   RFQ create -> 200 {"rfq_id":"rfq-66d5a768c614f3cf62afd541","status":"AWAITING_REQUESTER_ACCEPTANCE","expires_at":1789193432488,"request":{"rfq_id":"rfq-66d5a768c614f3cf62afd541",
[06:10:27]   quote: cuota=1.44 blended=0.697 shares=12.84 total=$9.08
[06:10:27]   ⚖️ ventaja insuficiente: RFQ 1.44 vs mercado ~1.47 = EV -2.0% < 5% exigidos — NO se acepta ($0)
[06:10:27]   ❌ combo: ventaja_-2.0_insuficiente
[06:16:34] intervalo AUTO restaurado: 10 min
[06:16:34]   modo restaurado del estado: SEMI
[06:16:34] stake=AUTO · max ops/día=10 · prob AUTO ≥65% · PIN ops fijo (4 cifras)
[06:16:34]   horario restaurado: próxima pasada en 1 min
[06:16:34]   auto-curación: primera auditoría en 25s (después cada 4h)
[06:16:35]   v12.8.3: 478 fills reales de la wallet (evidencia de cadena)
[06:16:35]   verdad: 27 cobros REDEEM>0 por token + 79 por título (79 registros)
[06:16:35] v12.9.0 cargado · modo=SEMI · stake=AUTO $5-$10 (según cuota/ventaja) · max 10/día · prob ≥65%
[06:16:35] Proxy: http://100.83.57.99:8888
[06:16:36] Test proxy: 200
[06:16:36] v12.9.0 iniciado
[06:17:06]   [auditoria:auto] APLICADA reabiertas=0 corregidas=0 confirmadas=51 manuales=0 nuevas=0 sin_datos=0 · PnL archivadas +18.16→+18.16
[06:18:06]   [copy] #1 00gringo00           descartado · concentrado en 1 mercado(s)
[06:18:07]   [copy] #2 ripley86alien        descartado · concentrado en 1 mercado(s)
[06:18:07]   [copy] #3 sainttroplay         descartado · inactivo (0 compras en 48 h)
[06:18:08]   [copy] #4 pleaseplease123      ELEGIDO · activo (300 compras, 6 mercados, 100% deporte)
[06:18:08]   [copy] #5 totoro3miyazaki      descartado · concentrado en 1 mercado(s)
[06:18:08]   [copy] #6 TheReturnOfDarthMaul descartado · sólo 0% deporte
[06:18:09]   [copy] #7 balthazar            descartado · market maker (107 ventas / 193 compras): copiar sólo sus compras sería catastrófico
[06:18:09]   [copy] #8 BreakTheBank         ELEGIDO · activo (287 compras, 16 mercados, 100% deporte)
[06:18:10]   [copy] #9 Diabolical-Prize     descartado · sólo 30% deporte
[06:18:10]   [copy] #10 0x2c335066           ELEGIDO · activo (300 compras, 40 mercados, 87% deporte)
[06:18:10]   [copy] #11 beachboy4            descartado · inactivo (0 compras en 48 h)
[06:18:11]   [copy] #12 Flaznorp             descartado · sólo 9% deporte
[06:18:11]   [copy] vigilando 3 traders: pleaseplease123, BreakTheBank, 0x2c335066
[06:18:12] loop err: The read operation timed out
[06:18:42]   [copy] señal TARDÍA M25 Sapporo: Keisuke Saitoh vs Seongchan Hong: él 0.520 → ahora 0.165 (-35.5 pts) · no cuenta
[06:18:42]   [copy] señal TARDÍA M25 Sapporo: Keisuke Saitoh vs Seongchan Hong: él 0.530 → ahora 0.165 (-36.5 pts) · no cuenta
[06:18:42]   [copy] señal TARDÍA M25 Sapporo: Keisuke Saitoh vs Seongchan Hong: él 0.560 → ahora 0.165 (-39.5 pts) · no cuenta
[06:18:42]   [copy] señal TARDÍA M25 Sapporo: Keisuke Saitoh vs Seongchan Hong: él 0.550 → ahora 0.165 (-38.5 pts) · no cuenta
[06:18:42]   [copy] 📡 señal #1789193922 de 0x2c335066: Chelsea FC vs. Hull City AFC: O/U 4.5 · él 0.710 / nosotros 0.725 (+1.5 pts) · retraso 41m45s · papel $5
[06:18:42]   [copy] ronda: 1 señal(es) nueva(s) · 0 compra(s) repetida(s) fusionada(s) · 0 resuelta(s) · dedup 5 fills
[06:18:47] [SEMI] pasada (combos RFQ v11)
[06:18:48]   pagina 1: +50 mercados, 0 legs de deportes
[06:18:48]   pagina 2: +50 mercados, 1 legs de deportes
[06:18:48]   pagina 3: +50 mercados, 13 legs de deportes
[06:18:49]   pagina 4: +50 mercados, 56 legs de deportes
[06:18:49]   pagina 5: +50 mercados, 100 legs de deportes
[06:18:49]   [SEMI] propuesta 5647020b: 2 legs · cuota est 1.47 · prob 0.68 · stake $9.08 · caduca en 10 min
[06:22:27] [SEMI] aprobado con ✅: Will FC Barcelona win on 2026-09-13? + Will Chelsea FC win on 2026-09-
[06:22:28] modo -> AUTO
[06:22:58] [COMBO] 2 legs · cuota est. 1.47 · stake $9.08 (AUTO)
[06:22:58]   · Will FC Barcelona win on 2026-09-13? (p=0.85 vol=$133k)
[06:22:58]   · Will Chelsea FC win on 2026-09-12? (p=0.80 vol=$73k)
[06:22:59]   RFQ: identidad lista (signer 0x8a22F798... maker 0xb0E11970...)
[06:23:00]   RFQ create -> 200 {"rfq_id":"rfq-1bd42f886d5a393a3b0c7d1f","status":"AWAITING_REQUESTER_ACCEPTANCE","expires_at":1789194185041,"request":{"rfq_id":"rfq-1bd42f886d5a393a3b0c7d1f",
[06:23:00]   quote: cuota=1.45 blended=0.690 shares=12.96 total=$9.08
[06:23:00]   ⚖️ ventaja insuficiente: RFQ 1.45 vs mercado ~1.47 = EV -1.4% < 5% exigidos — NO se acepta ($0)
[06:23:00] [AUTO] pasada (combos RFQ v11)
[06:23:00]   pagina 1: +50 mercados, 0 legs de deportes
[06:23:01]   pagina 2: +50 mercados, 1 legs de deportes
[06:23:01]   pagina 3: +50 mercados, 13 legs de deportes
[06:23:01]   pagina 4: +50 mercados, 56 legs de deportes
[06:23:02]   pagina 5: +50 mercados, 101 legs de deportes
[06:23:02] [COMBO] 2 legs · cuota est. 1.47 · stake $9.08 (AUTO)
[06:23:02]   · Will FC Barcelona win on 2026-09-13? (p=0.85 vol=$133k)
[06:23:02]   · Will Chelsea FC win on 2026-09-12? (p=0.80 vol=$73k)
[06:23:03]   RFQ create -> 200 {"rfq_id":"rfq-4d2a61b13ff035bf94f4e49c","status":"AWAITING_REQUESTER_ACCEPTANCE","expires_at":1789194188059,"request":{"rfq_id":"rfq-4d2a61b13ff035bf94f4e49c",
[06:23:03]   quote: cuota=1.45 blended=0.688 shares=12.99 total=$9.08
[06:23:03]   ⚖️ ventaja insuficiente: RFQ 1.45 vs mercado ~1.47 = EV -1.4% < 5% exigidos — NO se acepta ($0)
[06:23:03]   ❌ combo: ventaja_-1.4_insuficiente
[06:32:31] [AUTO] pasada (combos RFQ v11)
[06:32:31]   pagina 1: +50 mercados, 0 legs de deportes
[06:32:32]   pagina 2: +50 mercados, 2 legs de deportes
[06:32:32]   pagina 3: +50 mercados, 13 legs de deportes
[06:32:32]   pagina 4: +50 mercados, 57 legs de deportes
[06:32:33]   pagina 5: +50 mercados, 101 legs de deportes
[06:32:33] [COMBO] 2 legs · cuota est. 1.47 · stake $9.08 (AUTO)
[06:32:33]   · Will FC Barcelona win on 2026-09-13? (p=0.85 vol=$134k)
[06:32:33]   · Will Chelsea FC win on 2026-09-12? (p=0.80 vol=$73k)
[06:32:33]   RFQ create -> 200 {"rfq_id":"rfq-0103c7c7efbc373c07735f4c","status":"AWAITING_REQUESTER_ACCEPTANCE","expires_at":1789194758889,"request":{"rfq_id":"rfq-0103c7c7efbc373c07735f4c",
[06:32:33]   quote: cuota=1.45 blended=0.688 shares=12.99 total=$9.08
[06:32:33]   ⚖️ ventaja insuficiente: RFQ 1.45 vs mercado ~1.47 = EV -1.4% < 5% exigidos — NO se acepta ($0)
[06:32:34]   ❌ combo: ventaja_-1.4_insuficiente
[06:37:01]   v12.8.3: 478 fills reales de la wallet (evidencia de cadena)
[06:37:01]   verdad: 27 cobros REDEEM>0 por token + 79 por título (79 registros)
[06:40:51] loop err: The read operation timed out
[06:42:32] [AUTO] pasada (combos RFQ v11)
[06:42:33]   pagina 1: +50 mercados, 0 legs de deportes
[06:42:33]   pagina 2: +50 mercados, 2 legs de deportes
[06:42:34]   pagina 3: +50 mercados, 13 legs de deportes
[06:42:34]   pagina 4: +50 mercados, 57 legs de deportes
[06:42:34]   pagina 5: +50 mercados, 100 legs de deportes
[06:42:34] [COMBO] 2 legs · cuota est. 1.47 · stake $9.08 (AUTO)
[06:42:34]   · Will FC Barcelona win on 2026-09-13? (p=0.85 vol=$134k)
[06:42:34]   · Will Chelsea FC win on 2026-09-12? (p=0.80 vol=$74k)
[06:42:35]   RFQ create -> 200 {"rfq_id":"rfq-d3eb573fb8535b40a4441009","status":"AWAITING_REQUESTER_ACCEPTANCE","expires_at":1789195360494,"request":{"rfq_id":"rfq-d3eb573fb8535b40a4441009",
[06:42:35]   quote: cuota=1.46 blended=0.685 shares=13.05 total=$9.08
[06:42:35]   ⚖️ ventaja insuficiente: RFQ 1.46 vs mercado ~1.47 = EV -0.7% < 5% exigidos — NO se acepta ($0)
[06:42:35]   ❌ combo: ventaja_-0.7_insuficiente
[06:52:33] [AUTO] pasada (combos RFQ v11)
[06:52:34]   pagina 1: +50 mercados, 0 legs de deportes
[06:52:34]   pagina 2: +50 mercados, 2 legs de deportes
[06:52:34]   pagina 3: +50 mercados, 13 legs de deportes
[06:52:35]   pagina 4: +50 mercados, 57 legs de deportes
[06:52:35]   pagina 5: +50 mercados, 100 legs de deportes
[06:52:35] [COMBO] 2 legs · cuota est. 1.47 · stake $9.08 (AUTO)
[06:52:35]   · Will FC Barcelona win on 2026-09-13? (p=0.85 vol=$134k)
[06:52:35]   · Will Chelsea FC win on 2026-09-12? (p=0.80 vol=$74k)
[06:52:36]   RFQ create -> 200 {"rfq_id":"rfq-40870b2df661209c03512b11","status":"AWAITING_REQUESTER_ACCEPTANCE","expires_at":1789195961439,"request":{"rfq_id":"rfq-40870b2df661209c03512b11",
[06:52:36]   quote: cuota=1.45 blended=0.690 shares=12.96 total=$9.08
[06:52:36]   ⚖️ ventaja insuficiente: RFQ 1.45 vs mercado ~1.47 = EV -1.4% < 5% exigidos — NO se acepta ($0)
[06:52:36]   ❌ combo: ventaja_-1.4_insuficiente
[06:57:02] loop err: The read operation timed out
[07:02:34] [AUTO] pasada (combos RFQ v11)
[07:02:35]   pagina 1: +50 mercados, 0 legs de deportes
[07:02:35]   pagina 2: +50 mercados, 2 legs de deportes
[07:02:35]   pagina 3: +50 mercados, 13 legs de deportes
[07:02:36]   pagina 4: +50 mercados, 57 legs de deportes
[07:02:36]   pagina 5: +50 mercados, 101 legs de deportes
[07:02:36] [COMBO] 2 legs · cuota est. 1.44 · stake $9.17 (AUTO)
[07:02:36]   · LoL: Hanwha Life Esports vs T1 (BO5) - LCK Playoffs (p=0.81 vol=$1090k)
[07:02:36]   · Will FC Barcelona win on 2026-09-13? (p=0.85 vol=$134k)
[07:02:37]   RFQ create -> 200 {"rfq_id":"rfq-b78d76c5f3ae13f57a5420da","status":"AWAITING_REQUESTER_ACCEPTANCE","expires_at":1789196562391,"request":{"rfq_id":"rfq-b78d76c5f3ae13f57a5420da",
[07:02:37]   quote: cuota=1.37 blended=0.733 shares=12.35 total=$9.17
[07:02:37]   ⚖️ ventaja insuficiente: RFQ 1.37 vs mercado ~1.44 = EV -4.9% < 5% exigidos — NO se acepta ($0)
[07:02:37]   ❌ combo: ventaja_-4.9_insuficiente
[07:12:35] [AUTO] pasada (combos RFQ v11)
[07:12:35]   pagina 1: +50 mercados, 0 legs de deportes
[07:12:36]   pagina 2: +50 mercados, 2 legs de deportes
[07:12:36]   pagina 3: +50 mercados, 11 legs de deportes
[07:12:37]   pagina 4: +50 mercados, 55 legs de deportes
[07:12:37]   pagina 5: +50 mercados, 100 legs de deportes
[07:12:37] [COMBO] 2 legs · cuota est. 1.29 · stake $9.65 (AUTO)
[07:12:37]   · LoL: Hanwha Life Esports vs T1 (BO5) - LCK Playoffs (p=0.89 vol=$1208k)
[07:12:37]   · Counter-Strike: Legacy vs MIBR (BO3) - FISSURE PLAYGROUN (p=0.88 vol=$1186k)
[07:12:38]   RFQ create -> 200 {"rfq_id":"rfq-6b62709e0ca1fd59488b7780","status":"AWAITING_REQUESTER_ACCEPTANCE","expires_at":1789197163320,"request":{"rfq_id":"rfq-6b62709e0ca1fd59488b7780",
[07:12:38]   quote: cuota=1.24 blended=0.807 shares=11.84 total=$9.65
[07:12:38]   ⚖️ ventaja insuficiente: RFQ 1.24 vs mercado ~1.29 = EV -3.9% < 5% exigidos — NO se acepta ($0)
[07:12:38]   ❌ combo: ventaja_-3.9_insuficiente
[07:22:37] [AUTO] pasada (combos RFQ v11)
[07:22:37]   pagina 1: +50 mercados, 0 legs de deportes
[07:22:38]   pagina 2: +50 mercados, 2 legs de deportes
[07:22:38]   pagina 3: +50 mercados, 11 legs de deportes
[07:22:38]   pagina 4: +50 mercados, 57 legs de deportes
[07:22:39]   pagina 5: +50 mercados, 103 legs de deportes
[07:22:39] [COMBO] 2 legs · cuota est. 1.29 · stake $9.65 (AUTO)
[07:22:39]   · LoL: Hanwha Life Esports vs T1 (BO5) - LCK Playoffs (p=0.89 vol=$1208k)
[07:22:39]   · Counter-Strike: Legacy vs MIBR (BO3) - FISSURE PLAYGROUN (p=0.88 vol=$1186k)
[07:22:40]   RFQ create -> 200 {"rfq_id":"rfq-e20ac15dd8e9226b0b94cd73","status":"AWAITING_REQUESTER_ACCEPTANCE","expires_at":1789197764934,"request":{"rfq_id":"rfq-e20ac15dd8e9226b0b94cd73",
[07:22:40]   quote: cuota=1.24 blended=0.804 shares=11.88 total=$9.65
[07:22:40]   ⚖️ ventaja insuficiente: RFQ 1.24 vs mercado ~1.29 = EV -3.9% < 5% exigidos — NO se acepta ($0)
[07:22:40]   ❌ combo: ventaja_-3.9_insuficiente
[07:32:38] [AUTO] pasada (combos RFQ v11)
[07:32:39]   pagina 1: +50 mercados, 0 legs de deportes
[07:32:39]   pagina 2: +50 mercados, 2 legs de deportes
[07:32:39]   pagina 3: +50 mercados, 11 legs de deportes
[07:32:40]   pagina 4: +50 mercados, 57 legs de deportes
[07:32:40]   pagina 5: +50 mercados, 104 legs de deportes
[07:32:40] [COMBO] 2 legs · cuota est. 1.28 · stake $9.69 (AUTO)
[07:32:40]   · LoL: Hanwha Life Esports vs T1 (BO5) - LCK Playoffs (p=0.89 vol=$1313k)
[07:32:40]   · Counter-Strike: Legacy vs MIBR (BO3) - FISSURE PLAYGROUN (p=0.89 vol=$1200k)
[07:33:11]   RFQ create -> 200 {"rfq_id":"rfq-96e0b81608760aa1a4166b57","status":"FAILED","error":{"code":"SIZE_TOO_LARGE","message":"size too large"}}

[07:33:11]   ⚠️ RFQ SIZE_TOO_LARGE con $9.69 -> reintento único con $5.00 (suelo)
[07:33:12]   RFQ create (reintento) -> 200 {"rfq_id":"rfq-964d616f0e3efb73de6b8758","status":"FAILED","error":{"code":"SIZE_TOO_LARGE","message":"size too large"}}

[07:33:12]   ❌ combo: rfq_SIZE_TOO_LARGE
[07:37:53] loop err: The read operation timed out
[07:39:55]   [copy] señal TARDÍA LoL: Hanwha Life Esports vs T1 - Game 3 Winner: él 0.590 → ahora 0.505 (-8.5 pts) · no cuenta
[07:39:55]   [copy] señal TARDÍA LoL: Hanwha Life Esports vs T1 - Game 3 Winner: él 0.590 → ahora 0.505 (-8.5 pts) · no cuenta
[07:39:55]   [copy] señal TARDÍA LoL: Hanwha Life Esports vs T1 - Game 3 Winner: él 0.590 → ahora 0.505 (-8.5 pts) · no cuenta
[07:39:55]   [copy] señal TARDÍA LoL: Hanwha Life Esports vs T1 - Game 3 Winner: él 0.590 → ahora 0.505 (-8.5 pts) · no cuenta
[07:39:55]   [copy] señal TARDÍA LoL: Hanwha Life Esports vs T1 - Game 3 Winner: él 0.590 → ahora 0.505 (-8.5 pts) · no cuenta
[07:39:55]   [copy] señal TARDÍA LoL: Hanwha Life Esports vs T1 - Game 3 Winner: él 0.590 → ahora 0.505 (-8.5 pts) · no cuenta
[07:39:55]   [copy] señal TARDÍA LoL: Hanwha Life Esports vs T1 - Game 3 Winner: él 0.590 → ahora 0.505 (-8.5 pts) · no cuenta
[07:39:55]   [copy] señal TARDÍA LoL: Hanwha Life Esports vs T1 - Game 3 Winner: él 0.590 → ahora 0.505 (-8.5 pts) · no cuenta
[07:39:55]   [copy] señal TARDÍA LoL: Hanwha Life Esports vs T1 - Game 3 Winner: él 0.590 → ahora 0.505 (-8.5 pts) · no cuenta
[07:39:55]   [copy] señal TARDÍA LoL: Hanwha Life Esports vs T1 - Game 3 Winner: él 0.590 → ahora 0.505 (-8.5 pts) · no cuenta
[07:39:55]   [copy] señal TARDÍA LoL: Hanwha Life Esports vs T1 - Game 3 Winner: él 0.590 → ahora 0.505 (-8.5 pts) · no cuenta
[07:39:55]   [copy] señal TARDÍA LoL: Hanwha Life Esports vs T1 - Game 3 Winner: él 0.590 → ahora 0.505 (-8.5 pts) · no cuenta
[07:39:55]   [copy] señal TARDÍA LoL: Hanwha Life Esports vs T1 - Game 3 Winner: él 0.590 → ahora 0.505 (-8.5 pts) · no cuenta
[07:39:55]   [copy] señal TARDÍA LoL: Hanwha Life Esports vs T1 - Game 3 Winner: él 0.590 → ahora 0.505 (-8.5 pts) · no cuenta
[07:39:55]   [copy] señal TARDÍA LoL: Hanwha Life Esports vs T1 - Game 3 Winner: él 0.590 → ahora 0.505 (-8.5 pts) · no cuenta
[07:39:55]   [copy] señal TARDÍA LoL: Hanwha Life Esports vs T1 - Game 3 Winner: él 0.590 → ahora 0.505 (-8.5 pts) · no cuenta
[07:39:55]   [copy] señal TARDÍA LoL: Hanwha Life Esports vs T1 - Game 3 Winner: él 0.590 → ahora 0.505 (-8.5 pts) · no cuenta
[07:39:55]   [copy] señal TARDÍA LoL: Hanwha Life Esports vs T1 - Game 3 Winner: él 0.590 → ahora 0.505 (-8.5 pts) · no cuenta
[07:39:55]   [copy] señal TARDÍA LoL: Hanwha Life Esports vs T1 - Game 3 Winner: él 0.590 → ahora 0.505 (-8.5 pts) · no cuenta
[07:39:55]   [copy] señal TARDÍA LoL: Hanwha Life Esports vs T1 - Game 3 Winner: él 0.590 → ahora 0.505 (-8.5 pts) · no cuenta
[07:39:55]   [copy] señal TARDÍA LoL: Hanwha Life Esports vs T1 - Game 3 Winner: él 0.590 → ahora 0.505 (-8.5 pts) · no cuenta
[07:39:55]   [copy] señal TARDÍA LoL: Hanwha Life Esports vs T1 - Game 3 Winner: él 0.590 → ahora 0.505 (-8.5 pts) · no cuenta
[07:39:55]   [copy] señal TARDÍA LoL: Hanwha Life Esports vs T1 - Game 3 Winner: él 0.590 → ahora 0.505 (-8.5 pts) · no cuenta
[07:42:40] [AUTO] pasada (combos RFQ v11)
[07:42:40]   pagina 1: +50 mercados, 0 legs de deportes
[07:42:41]   pagina 2: +50 mercados, 3 legs de deportes
[07:42:41]   pagina 3: +50 mercados, 12 legs de deportes
[07:42:41]   pagina 4: +50 mercados, 58 legs de deportes
[07:42:42]   pagina 5: +50 mercados, 104 legs de deportes
[07:42:42] [COMBO] 2 legs · cuota est. 1.23 · stake $9.88 (AUTO)
[07:42:42]   · LoL: Hanwha Life Esports vs T1 (BO5) - LCK Playoffs (p=0.91 vol=$1468k)
[07:42:42]   · Counter-Strike: Legacy vs MIBR (BO3) - FISSURE PLAYGROUN (p=0.90 vol=$1231k)
[07:42:43]   RFQ create -> 200 {"rfq_id":"rfq-4560f1a5669261d68c1eac23","status":"FAILED","error":{"code":"SIZE_TOO_LARGE","message":"size too large"}}

[07:42:43]   ⚠️ RFQ SIZE_TOO_LARGE con $9.88 -> reintento único con $5.00 (suelo)
[07:42:44]   RFQ create (reintento) -> 200 {"rfq_id":"rfq-85003b55a40bdd1fbf56f433","status":"FAILED","error":{"code":"SIZE_TOO_LARGE","message":"size too large"}}

[07:42:44]   ❌ combo: rfq_SIZE_TOO_LARGE
[07:52:43] [AUTO] pasada (combos RFQ v11)
[07:52:43]   pagina 1: +50 mercados, 0 legs de deportes
[07:52:43]   pagina 2: +50 mercados, 3 legs de deportes
[07:52:44]   pagina 3: +50 mercados, 12 legs de deportes
[07:52:44]   pagina 4: +50 mercados, 59 legs de deportes
[07:52:44]   pagina 5: +50 mercados, 105 legs de deportes
[07:52:44] [COMBO] 2 legs · cuota est. 1.31 · stake $9.58 (AUTO)
[07:52:44]   · LoL: Hanwha Life Esports vs T1 (BO5) - LCK Playoffs (p=0.81 vol=$1468k)
[07:52:44]   · Counter-Strike: Legacy vs MIBR (BO3) - FISSURE PLAYGROUN (p=0.94 vol=$1231k)
[07:52:45]   RFQ create -> 200 {"rfq_id":"rfq-96de1c478c4c395a50b297af","status":"AWAITING_REQUESTER_ACCEPTANCE","expires_at":1789199570848,"request":{"rfq_id":"rfq-96de1c478c4c395a50b297af",
[07:52:45]   quote: cuota=1.12 blended=0.893 shares=10.67 total=$9.58
[07:52:45]   NO acepto: cuota real 1.12 fuera de [1.2-2.5]
[07:52:46]   ❌ combo: cuota_real_1.12_fuera
[08:02:44] [AUTO] pasada (combos RFQ v11)
[08:02:44]   pagina 1: +50 mercados, 0 legs de deportes
[08:02:45]   pagina 2: +50 mercados, 3 legs de deportes
[08:02:45]   pagina 3: +50 mercados, 12 legs de deportes
[08:02:45]   pagina 4: +50 mercados, 59 legs de deportes
[08:02:46]   pagina 5: +50 mercados, 106 legs de deportes
[08:02:46] [COMBO] 2 legs · cuota est. 1.25 · stake $9.8 (AUTO)
[08:02:46]   · LoL: Hanwha Life Esports vs T1 (BO5) - LCK Playoffs (p=0.87 vol=$1536k)
[08:02:46]   · Counter-Strike: Legacy vs MIBR (BO3) - FISSURE PLAYGROUN (p=0.92 vol=$1237k)
[08:02:46]   RFQ create -> 200 {"rfq_id":"rfq-f061cea10cfe7845313d0f31","status":"AWAITING_REQUESTER_ACCEPTANCE","expires_at":1789200171951,"request":{"rfq_id":"rfq-f061cea10cfe7845313d0f31",
[08:02:46]   quote: cuota=1.43 blended=0.699 shares=13.81 total=$9.80
[08:02:46]   stake AUTO ajustado con cuota real: $9.8 -> $10.0
[08:02:47]   saldo CLOB ok: $228.45 >= $9.80
[08:02:48]   RFQ accept -> 200 {"rfq_id":"rfq-f061cea10cfe7845313d0f31","status":"EXECUTING","taker_order_hash":"0x9f35bc84c71e17faa2ee09bdeb91af1cadd99bf81571518f655e191a29eeadd0"}

[08:02:58]   RFQ status final: CONFIRMED tx=0x84936ff345c623d0d562acf1
[08:02:58]   ✅ combo OK: {'oid': 'rfq-f061cea10cfe7845313d0f31', 'status': 'CONFIRMED', 'cuota': 1.43}
[08:04:09]   [copy] 📡 señal #1789200249 de 0x2c335066: LoL: Hanwha Life Esports vs T1 (BO5) - LCK Playoffs · él 0.770 / nosotros 0.777 (+0.8 pts) · retraso 2m27s · papel $5
[08:04:09]   [copy] ronda: 1 señal(es) nueva(s) · 1 compra(s) repetida(s) fusionada(s) · 0 resuelta(s) · dedup 30 fills
[08:07:31]   v12.8.3: 479 fills reales de la wallet (evidencia de cadena)
[08:07:31]   verdad: 27 cobros REDEEM>0 por token + 79 por título (79 registros)
[08:12:46] [AUTO] pasada (combos RFQ v11)
[08:12:47]   pagina 1: +50 mercados, 0 legs de deportes
[08:12:47]   pagina 2: +50 mercados, 2 legs de deportes
[08:12:48]   pagina 3: +50 mercados, 11 legs de deportes
[08:12:48]   pagina 4: +50 mercados, 57 legs de deportes
[08:12:48]   pagina 5: +50 mercados, 103 legs de deportes
[08:12:48] [COMBO] 2 legs · cuota est. 1.47 · stake $9.08 (AUTO)
[08:12:48]   · Will FC Barcelona win on 2026-09-13? (p=0.85 vol=$172k)
[08:12:48]   · Will Chelsea FC win on 2026-09-12? (p=0.80 vol=$84k)
[08:12:49]   RFQ create -> 200 {"rfq_id":"rfq-819661e80c2db56e484795d9","status":"AWAITING_REQUESTER_ACCEPTANCE","expires_at":1789200774632,"request":{"rfq_id":"rfq-819661e80c2db56e484795d9",
[08:12:49]   quote: cuota=1.45 blended=0.690 shares=12.95 total=$9.08
[08:12:49]   ⚖️ ventaja insuficiente: RFQ 1.45 vs mercado ~1.47 = EV -1.4% < 5% exigidos — NO se acepta ($0)
[08:12:49]   ❌ combo: ventaja_-1.4_insuficiente
[08:22:48] [AUTO] pasada (combos RFQ v11)
[08:22:49]   pagina 1: +50 mercados, 0 legs de deportes
[08:22:49]   pagina 2: +50 mercados, 2 legs de deportes
[08:22:49]   pagina 3: +50 mercados, 11 legs de deportes
[08:22:50]   pagina 4: +50 mercados, 57 legs de deportes
[08:22:50]   pagina 5: +50 mercados, 103 legs de deportes
[08:22:50] [COMBO] 2 legs · cuota est. 1.47 · stake $9.08 (AUTO)
[08:22:50]   · Will FC Barcelona win on 2026-09-13? (p=0.85 vol=$172k)
[08:22:50]   · Will Chelsea FC win on 2026-09-12? (p=0.80 vol=$84k)
[08:22:51]   RFQ create -> 200 {"rfq_id":"rfq-22970a1dbd5af26809c1c442","status":"AWAITING_REQUESTER_ACCEPTANCE","expires_at":1789201376554,"request":{"rfq_id":"rfq-22970a1dbd5af26809c1c442",
[08:22:51]   quote: cuota=1.45 blended=0.690 shares=12.95 total=$9.07
[08:22:51]   ⚖️ ventaja insuficiente: RFQ 1.45 vs mercado ~1.47 = EV -1.4% < 5% exigidos — NO se acepta ($0)
[08:22:51]   ❌ combo: ventaja_-1.4_insuficiente
[08:25:22]   [copy] 📡 señal #1789201522 de 0x2c335066: Counter-Strike: Legacy vs MIBR (BO3) - FISSURE PLAYGROUND Pl · él 0.341 / nosotros 0.352 (+1.1 pts) · retraso 0m30s · papel $5
[08:25:23]   [copy] ronda: 1 señal(es) nueva(s) · 0 compra(s) repetida(s) fusionada(s) · 0 resuelta(s) · dedup 31 fills
[08:32:50] [AUTO] pasada (combos RFQ v11)
[08:32:50]   pagina 1: +50 mercados, 0 legs de deportes
[08:32:51]   pagina 2: +50 mercados, 2 legs de deportes
[08:32:51]   pagina 3: +50 mercados, 11 legs de deportes
[08:32:51]   pagina 4: +50 mercados, 55 legs de deportes
[08:32:52]   pagina 5: +50 mercados, 101 legs de deportes
[08:32:52] [COMBO] 2 legs · cuota est. 1.47 · stake $9.08 (AUTO)
[08:32:52]   · Will FC Barcelona win on 2026-09-13? (p=0.85 vol=$172k)
[08:32:52]   · Will Chelsea FC win on 2026-09-12? (p=0.80 vol=$84k)
[08:32:53]   RFQ create -> 200 {"rfq_id":"rfq-ffb61dc2cf3a8682f07fbb7b","status":"AWAITING_REQUESTER_ACCEPTANCE","expires_at":1789201978011,"request":{"rfq_id":"rfq-ffb61dc2cf3a8682f07fbb7b",
[08:32:53]   quote: cuota=1.43 blended=0.698 shares=12.82 total=$9.08
[08:32:53]   ⚖️ ventaja insuficiente: RFQ 1.43 vs mercado ~1.47 = EV -2.7% < 5% exigidos — NO se acepta ($0)
[08:32:53]   ❌ combo: ventaja_-2.7_insuficiente
[08:42:51] [AUTO] pasada (combos RFQ v11)
[08:42:51]   pagina 1: +50 mercados, 0 legs de deportes
[08:42:52]   pagina 2: +50 mercados, 2 legs de deportes
[08:42:52]   pagina 3: +50 mercados, 11 legs de deportes
[08:42:52]   pagina 4: +50 mercados, 55 legs de deportes
[08:42:53]   pagina 5: +50 mercados, 100 legs de deportes
[08:42:53] [COMBO] 2 legs · cuota est. 1.42 · stake $9.23 (AUTO)
[08:42:53]   · LoL: Hanwha Life Esports vs T1 - Game 4 Winner (p=0.82 vol=$1003k)
[08:42:53]   · Will FC Barcelona win on 2026-09-13? (p=0.85 vol=$172k)
[08:43:24]   RFQ create -> 200 {"rfq_id":"rfq-40ae59f0cb659886d9c4f558","status":"AWAITING_REQUESTER_ACCEPTANCE","expires_at":1789202609072,"request":{"rfq_id":"rfq-40ae59f0cb659886d9c4f558",
[08:43:24]   quote: cuota=1.24 blended=0.808 shares=11.32 total=$9.23
[08:43:24]   ⚖️ ventaja insuficiente: RFQ 1.24 vs mercado ~1.42 = EV -12.7% < 5% exigidos — NO se acepta ($0)
[08:43:24]   ❌ combo: ventaja_-12.7_insuficiente
[08:43:35]   [copy] 📡 señal #1789202615 de 0x2c335066: Will BV Borussia 09 Dortmund win on 2026-09-12? · él 0.770 / nosotros 0.775 (+0.5 pts) · retraso 0m56s · papel $5
[08:43:35]   [copy] 📡 señal #1789202615 de 0x2c335066: Counter-Strike: BetBoom Team vs G2 (BO3) - FISSURE PLAYGROUN · él 0.640 / nosotros 0.635 (-0.5 pts) · retraso 1m13s · papel $5
[08:43:35]   [copy] ronda: 2 señal(es) nueva(s) · 1 compra(s) repetida(s) fusionada(s) · 0 resuelta(s) · dedup 34 fills
[08:51:33]   pagina 1: +50 mercados, 0 legs de deportes
[08:51:34]   pagina 2: +50 mercados, 1 legs de deportes
[08:51:34]   pagina 3: +50 mercados, 10 legs de deportes
[08:51:34]   pagina 4: +50 mercados, 55 legs de deportes
[08:51:35]   pagina 5: +50 mercados, 101 legs de deportes
[08:51:35]   [LEER] lectura inmediata completada en 2.9 s (sólo mirar)
[08:52:38]   [copy] tope diario de señales (5) alcanzado
[08:52:53] [AUTO] pasada (combos RFQ v11)
[08:52:54]   pagina 1: +50 mercados, 0 legs de deportes
[08:52:54]   pagina 2: +50 mercados, 1 legs de deportes
[08:52:55]   pagina 3: +50 mercados, 10 legs de deportes
[08:52:55]   pagina 4: +50 mercados, 55 legs de deportes
[08:52:55]   pagina 5: +50 mercados, 101 legs de deportes
[08:52:55] [COMBO] 2 legs · cuota est. 1.23 · stake $9.88 (AUTO)
[08:52:55]   · LoL: Hanwha Life Esports vs T1 - Game 4 Winner (p=0.95 vol=$1003k)
[08:52:55]   · Will FC Barcelona win on 2026-09-13? (p=0.85 vol=$172k)
[08:52:56]   RFQ create -> 200 {"rfq_id":"rfq-38daeb65e12b313944828548","status":"AWAITING_REQUESTER_ACCEPTANCE","expires_at":1789203181782,"request":{"rfq_id":"rfq-38daeb65e12b313944828548",
[08:52:56]   quote: cuota=1.15 blended=0.869 shares=11.30 total=$9.88
[08:52:56]   NO acepto: cuota real 1.15 fuera de [1.2-2.5]
[08:52:56]   ❌ combo: cuota_real_1.15_fuera
[08:55:42]   [copy] tope diario de señales (5) alcanzado
[08:58:43]   [copy] tope diario de señales (5) alcanzado
[09:01:45]   [copy] tope diario de señales (5) alcanzado
[09:02:55] [AUTO] pasada (combos RFQ v11)
[09:02:56]   pagina 1: +50 mercados, 0 legs de deportes
[09:02:56]   pagina 2: +50 mercados, 1 legs de deportes
[09:02:56]   pagina 3: +50 mercados, 9 legs de deportes
[09:02:57]   pagina 4: +50 mercados, 55 legs de deportes
[09:02:57]   pagina 5: +50 mercados, 100 legs de deportes
[09:02:57] [COMBO] 2 legs · cuota est. 1.51 · stake $8.97 (AUTO)
[09:02:57]   · Will FC Barcelona win on 2026-09-13? (p=0.85 vol=$172k)
[09:02:57]   · Will BV Borussia 09 Dortmund win on 2026-09-12? (p=0.78 vol=$144k)
[09:02:58]   RFQ create -> 200 {"rfq_id":"rfq-fdefd26d2e2cfdb336ab54f7","status":"AWAITING_REQUESTER_ACCEPTANCE","expires_at":1789203783333,"request":{"rfq_id":"rfq-fdefd26d2e2cfdb336ab54f7",
[09:02:58]   quote: cuota=1.51 blended=0.664 shares=13.29 total=$8.97
[09:02:58]   ⚖️ ventaja insuficiente: RFQ 1.51 vs mercado ~1.51 = EV +0.0% < 5% exigidos — NO se acepta ($0)
[09:02:58]   ❌ combo: ventaja_+0.0_insuficiente
[09:10:51]   [copy] tope diario de señales (5) alcanzado
[09:12:56] [AUTO] pasada (combos RFQ v11)
[09:12:57]   pagina 1: +50 mercados, 0 legs de deportes
[09:12:57]   pagina 2: +50 mercados, 2 legs de deportes
[09:12:57]   pagina 3: +50 mercados, 10 legs de deportes
[09:12:58]   pagina 4: +50 mercados, 53 legs de deportes
[09:12:58]   pagina 5: +50 mercados, 97 legs de deportes
[09:12:58] [COMBO] 2 legs · cuota est. 1.51 · stake $8.97 (AUTO)
[09:12:58]   · Will FC Barcelona win on 2026-09-13? (p=0.85 vol=$172k)
[09:12:58]   · Will BV Borussia 09 Dortmund win on 2026-09-12? (p=0.78 vol=$144k)
[09:12:59]   RFQ create -> 200 {"rfq_id":"rfq-c6d602692406117e857c1490","status":"AWAITING_REQUESTER_ACCEPTANCE","expires_at":1789204384430,"request":{"rfq_id":"rfq-c6d602692406117e857c1490",
[09:12:59]   quote: cuota=1.51 blended=0.663 shares=13.31 total=$8.97
[09:12:59]   ⚖️ ventaja insuficiente: RFQ 1.51 vs mercado ~1.51 = EV +0.0% < 5% exigidos — NO se acepta ($0)
[09:12:59]   ❌ combo: ventaja_+0.0_insuficiente
[09:13:55]   [copy] tope diario de señales (5) alcanzado
[09:16:56]   [copy] tope diario de señales (5) alcanzado
[09:19:57]   [copy] tope diario de señales (5) alcanzado
[09:22:58] [AUTO] pasada (combos RFQ v11)
[09:22:58]   pagina 1: +50 mercados, 0 legs de deportes
[09:22:58]   pagina 2: +50 mercados, 2 legs de deportes
[09:22:59]   pagina 3: +50 mercados, 10 legs de deportes
[09:22:59]   pagina 4: +50 mercados, 53 legs de deportes
[09:23:00]   pagina 5: +50 mercados, 98 legs de deportes
[09:23:00] [COMBO] 2 legs · cuota est. 1.51 · stake $8.97 (AUTO)
[09:23:00]   · Will FC Barcelona win on 2026-09-13? (p=0.85 vol=$172k)
[09:23:00]   · Will BV Borussia 09 Dortmund win on 2026-09-12? (p=0.78 vol=$144k)
[09:23:01]   RFQ create -> 200 {"rfq_id":"rfq-9adf3c8edc441bfbb35e5709","status":"AWAITING_REQUESTER_ACCEPTANCE","expires_at":1789204986081,"request":{"rfq_id":"rfq-9adf3c8edc441bfbb35e5709",
[09:23:01]   quote: cuota=1.49 blended=0.671 shares=13.16 total=$8.97
[09:23:01]   ⚖️ ventaja insuficiente: RFQ 1.49 vs mercado ~1.51 = EV -1.3% < 5% exigidos — NO se acepta ($0)
[09:23:01]   ❌ combo: ventaja_-1.3_insuficiente
[09:23:02]   [copy] señal TARDÍA LoL: Anyone's Legend vs Invictus Gaming (BO5) - LPL Playoffs: él 0.550 → ahora 0.470 (-8.0 pts) · no cuenta
[09:23:02]   [copy] señal TARDÍA LoL: Anyone's Legend vs Invictus Gaming (BO5) - LPL Playoffs: él 0.550 → ahora 0.470 (-8.0 pts) · no cuenta
[09:33:00] [AUTO] pasada (combos RFQ v11)
[09:33:01]   pagina 1: +50 mercados, 0 legs de deportes
[09:33:01]   pagina 2: +50 mercados, 2 legs de deportes
[09:33:02]   pagina 3: +50 mercados, 10 legs de deportes
[09:33:02]   pagina 4: +50 mercados, 51 legs de deportes
[09:33:03]   pagina 5: +50 mercados, 92 legs de deportes
[09:33:03] [COMBO] 2 legs · cuota est. 1.51 · stake $8.97 (AUTO)
[09:33:03]   · Will FC Barcelona win on 2026-09-13? (p=0.85 vol=$172k)
[09:33:03]   · Will BV Borussia 09 Dortmund win on 2026-09-12? (p=0.78 vol=$146k)
[09:33:04]   RFQ create -> 200 {"rfq_id":"rfq-85f6bf604a7d9ab1d8eef892","status":"AWAITING_REQUESTER_ACCEPTANCE","expires_at":1789205589423,"request":{"rfq_id":"rfq-85f6bf604a7d9ab1d8eef892",
[09:33:04]   quote: cuota=1.49 blended=0.671 shares=13.14 total=$8.97
[09:33:04]   ⚖️ ventaja insuficiente: RFQ 1.49 vs mercado ~1.51 = EV -1.3% < 5% exigidos — NO se acepta ($0)
[09:33:04]   ❌ combo: ventaja_-1.3_insuficiente
[09:43:03] [AUTO] pasada (combos RFQ v11)
[09:43:03]   pagina 1: +50 mercados, 0 legs de deportes
[09:43:03]   pagina 2: +50 mercados, 2 legs de deportes
[09:43:04]   pagina 3: +50 mercados, 9 legs de deportes
[09:43:04]   pagina 4: +50 mercados, 51 legs de deportes
[09:43:04]   pagina 5: +50 mercados, 92 legs de deportes
[09:43:04] [COMBO] 2 legs · cuota est. 1.51 · stake $8.97 (AUTO)
[09:43:04]   · Will FC Barcelona win on 2026-09-13? (p=0.85 vol=$172k)
[09:43:04]   · Will BV Borussia 09 Dortmund win on 2026-09-12? (p=0.78 vol=$148k)
[09:43:05]   RFQ create -> 200 {"rfq_id":"rfq-ea545d62cbce2c91013b604d","status":"AWAITING_REQUESTER_ACCEPTANCE","expires_at":1789206190716,"request":{"rfq_id":"rfq-ea545d62cbce2c91013b604d",
[09:43:05]   quote: cuota=1.5 blended=0.669 shares=13.20 total=$8.97
[09:43:05]   ⚖️ ventaja insuficiente: RFQ 1.5 vs mercado ~1.51 = EV -0.7% < 5% exigidos — NO se acepta ($0)
[09:43:05]   ❌ combo: ventaja_-0.7_insuficiente
[09:53:04] [AUTO] pasada (combos RFQ v11)
[09:53:04]   pagina 1: +50 mercados, 0 legs de deportes
[09:53:05]   pagina 2: +50 mercados, 2 legs de deportes
[09:53:05]   pagina 3: +50 mercados, 9 legs de deportes
[09:53:05]   pagina 4: +50 mercados, 51 legs de deportes
[09:53:06]   pagina 5: +50 mercados, 92 legs de deportes
[09:53:06] [COMBO] 2 legs · cuota est. 1.51 · stake $8.97 (AUTO)
[09:53:06]   · Will FC Barcelona win on 2026-09-13? (p=0.85 vol=$172k)
[09:53:06]   · Will BV Borussia 09 Dortmund win on 2026-09-12? (p=0.78 vol=$148k)
[09:53:07]   RFQ create -> 200 {"rfq_id":"rfq-f2d82f37baffc882aafd202b","status":"AWAITING_REQUESTER_ACCEPTANCE","expires_at":1789206791998,"request":{"rfq_id":"rfq-f2d82f37baffc882aafd202b",
[09:53:07]   quote: cuota=1.5 blended=0.669 shares=13.20 total=$8.97
[09:53:07]   ⚖️ ventaja insuficiente: RFQ 1.5 vs mercado ~1.51 = EV -0.7% < 5% exigidos — NO se acepta ($0)
[09:53:07]   ❌ combo: ventaja_-0.7_insuficiente
[09:56:19]   [copy] ronda: 0 señal(es) nueva(s) · 1 compra(s) repetida(s) fusionada(s) · 0 resuelta(s) · dedup 45 fills
[10:03:06] [AUTO] pasada (combos RFQ v11)
[10:03:07]   pagina 1: +50 mercados, 0 legs de deportes
[10:03:07]   pagina 2: +50 mercados, 1 legs de deportes
[10:03:07]   pagina 3: +50 mercados, 11 legs de deportes
[10:03:08]   pagina 4: +50 mercados, 53 legs de deportes
[10:03:08]   pagina 5: +50 mercados, 96 legs de deportes
[10:03:08] [COMBO] 2 legs · cuota est. 1.51 · stake $8.97 (AUTO)
[10:03:08]   · Will FC Barcelona win on 2026-09-13? (p=0.85 vol=$172k)
[10:03:08]   · Will BV Borussia 09 Dortmund win on 2026-09-12? (p=0.78 vol=$150k)
[10:03:09]   RFQ create -> 200 {"rfq_id":"rfq-dc7002f420f5b6c82f2e83b4","status":"AWAITING_REQUESTER_ACCEPTANCE","expires_at":1789207394551,"request":{"rfq_id":"rfq-dc7002f420f5b6c82f2e83b4",
[10:03:09]   quote: cuota=1.49 blended=0.669 shares=13.18 total=$8.97
[10:03:09]   ⚖️ ventaja insuficiente: RFQ 1.49 vs mercado ~1.51 = EV -1.3% < 5% exigidos — NO se acepta ($0)
[10:03:39]   ❌ combo: ventaja_-1.3_insuficiente
[10:05:25]   [copy] ronda: 0 señal(es) nueva(s) · 0 compra(s) repetida(s) fusionada(s) · 1 resuelta(s) · dedup 45 fills
[10:13:08] [AUTO] pasada (combos RFQ v11)
[10:13:08]   pagina 1: +50 mercados, 0 legs de deportes
[10:13:09]   pagina 2: +50 mercados, 1 legs de deportes
[10:13:09]   pagina 3: +50 mercados, 11 legs de deportes
[10:13:09]   pagina 4: +50 mercados, 54 legs de deportes
[10:13:10]   pagina 5: +50 mercados, 97 legs de deportes
[10:13:10] [COMBO] 2 legs · cuota est. 1.51 · stake $8.97 (AUTO)
[10:13:10]   · Will FC Barcelona win on 2026-09-13? (p=0.85 vol=$172k)
[10:13:10]   · Will BV Borussia 09 Dortmund win on 2026-09-12? (p=0.78 vol=$150k)
[10:13:41]   RFQ create -> 200 {"rfq_id":"rfq-bb8a5029cada838d152a0b37","status":"AWAITING_REQUESTER_ACCEPTANCE","expires_at":1789208026138,"request":{"rfq_id":"rfq-bb8a5029cada838d152a0b37",
[10:13:41]   quote: cuota=1.49 blended=0.669 shares=13.19 total=$8.97
[10:13:41]   ⚖️ ventaja insuficiente: RFQ 1.49 vs mercado ~1.51 = EV -1.3% < 5% exigidos — NO se acepta ($0)
[10:13:41]   ❌ combo: ventaja_-1.3_insuficiente
[10:17:02]   v12.8.3: 479 fills reales de la wallet (evidencia de cadena)
[10:17:03]   verdad: 27 cobros REDEEM>0 por token + 79 por título (79 registros)
[10:17:09]   [auditoria:auto] APLICADA reabiertas=0 corregidas=0 confirmadas=51 manuales=0 nuevas=0 sin_datos=0 · PnL archivadas +18.16→+18.16
[10:23:11] [AUTO] pasada (combos RFQ v11)
[10:23:11]   pagina 1: +50 mercados, 0 legs de deportes
[10:23:12]   pagina 2: +50 mercados, 1 legs de deportes
[10:23:12]   pagina 3: +50 mercados, 11 legs de deportes
[10:23:12]   pagina 4: +50 mercados, 53 legs de deportes
[10:23:13]   pagina 5: +50 mercados, 95 legs de deportes
[10:23:13] [COMBO] 2 legs · cuota est. 1.51 · stake $8.97 (AUTO)
[10:23:13]   · Will FC Barcelona win on 2026-09-13? (p=0.85 vol=$172k)
[10:23:13]   · Will BV Borussia 09 Dortmund win on 2026-09-12? (p=0.78 vol=$150k)
[10:23:14]   RFQ create -> 200 {"rfq_id":"rfq-758dfa83493b054631e5090e","status":"AWAITING_REQUESTER_ACCEPTANCE","expires_at":1789208599268,"request":{"rfq_id":"rfq-758dfa83493b054631e5090e",
[10:23:14]   quote: cuota=1.49 blended=0.670 shares=13.18 total=$8.97
[10:23:14]   ⚖️ ventaja insuficiente: RFQ 1.49 vs mercado ~1.51 = EV -1.3% < 5% exigidos — NO se acepta ($0)
[10:23:14]   ❌ combo: ventaja_-1.3_insuficiente
[10:23:50] loop err: The read operation timed out
[10:31:33] loop err: The read operation timed out
[10:32:43]   [copy] ronda: 0 señal(es) nueva(s) · 0 compra(s) repetida(s) fusionada(s) · 1 resuelta(s) · dedup 45 fills
[10:33:13] [AUTO] pasada (combos RFQ v11)
[10:33:14]   pagina 1: +50 mercados, 0 legs de deportes
[10:33:14]   pagina 2: +50 mercados, 1 legs de deportes
[10:33:14]   pagina 3: +50 mercados, 12 legs de deportes
[10:33:15]   pagina 4: +50 mercados, 54 legs de deportes
[10:33:15]   pagina 5: +50 mercados, 94 legs de deportes
[10:33:15] [COMBO] 2 legs · cuota est. 1.51 · stake $8.97 (AUTO)
[10:33:15]   · Will FC Barcelona win on 2026-09-13? (p=0.85 vol=$172k)
[10:33:15]   · Will BV Borussia 09 Dortmund win on 2026-09-12? (p=0.78 vol=$156k)
[10:33:16]   RFQ create -> 200 {"rfq_id":"rfq-fa37660def4e22bd43b4b9e5","status":"AWAITING_REQUESTER_ACCEPTANCE","expires_at":1789209201438,"request":{"rfq_id":"rfq-fa37660def4e22bd43b4b9e5",
[10:33:16]   quote: cuota=1.49 blended=0.670 shares=13.17 total=$8.97
[10:33:16]   ⚖️ ventaja insuficiente: RFQ 1.49 vs mercado ~1.51 = EV -1.3% < 5% exigidos — NO se acepta ($0)
[10:33:16]   ❌ combo: ventaja_-1.3_insuficiente
[10:43:14] [AUTO] pasada (combos RFQ v11)
[10:43:14]   pagina 1: +50 mercados, 0 legs de deportes
[10:43:15]   pagina 2: +50 mercados, 2 legs de deportes
[10:43:24]   pagina 3: +50 mercados, 12 legs de deportes
[10:43:24]   pagina 4: +50 mercados, 55 legs de deportes
[10:43:24]   pagina 5: +50 mercados, 96 legs de deportes
[10:43:24] [COMBO] 2 legs · cuota est. 1.22 · stake $9.92 (AUTO)
[10:43:24]   · LoL: Anyone's Legend vs Invictus Gaming - Game 2 Winner (p=0.96 vol=$1456k)
[10:43:24]   · Will FC Barcelona win on 2026-09-13? (p=0.85 vol=$172k)
[10:43:25]   RFQ create -> 200 {"rfq_id":"rfq-8e34ccbca80f0288d34632c2","status":"AWAITING_REQUESTER_ACCEPTANCE","expires_at":1789209810777,"request":{"rfq_id":"rfq-8e34ccbca80f0288d34632c2",
[10:43:25]   quote: cuota=1.15 blended=0.869 shares=11.34 total=$9.92
[10:43:25]   NO acepto: cuota real 1.15 fuera de [1.2-2.5]
[10:43:25]   ❌ combo: cuota_real_1.15_fuera
[10:53:19] [AUTO] pasada (combos RFQ v11)
[10:53:19]   pagina 1: +50 mercados, 0 legs de deportes
[10:53:20]   pagina 2: +50 mercados, 1 legs de deportes
[10:53:20]   pagina 3: +50 mercados, 12 legs de deportes
[10:53:20]   pagina 4: +50 mercados, 53 legs de deportes
[10:53:21]   pagina 5: +50 mercados, 94 legs de deportes
[10:53:21] [COMBO] 2 legs · cuota est. 1.53 · stake $8.92 (AUTO)
[10:53:21]   · Will FC Barcelona win on 2026-09-13? (p=0.85 vol=$172k)
[10:53:21]   · Will BV Borussia 09 Dortmund win on 2026-09-12? (p=0.77 vol=$156k)
[10:53:21] loop err: The read operation timed out
[10:53:22]   RFQ create -> 200 {"rfq_id":"rfq-b1e1da446b917754b6894ba6","status":"AWAITING_REQUESTER_ACCEPTANCE","expires_at":1789210406967,"request":{"rfq_id":"rfq-b1e1da446b917754b6894ba6",
[10:53:22]   quote: cuota=1.51 blended=0.662 shares=13.24 total=$8.92
[10:53:22]   ⚖️ ventaja insuficiente: RFQ 1.51 vs mercado ~1.53 = EV -1.3% < 5% exigidos — NO se acepta ($0)
[10:53:52]   ❌ combo: ventaja_-1.3_insuficiente
[11:03:21] [AUTO] pasada (combos RFQ v11)
[11:03:21]   pagina 1: +50 mercados, 0 legs de deportes
[11:03:22]   pagina 2: +50 mercados, 1 legs de deportes
[11:03:22]   pagina 3: +50 mercados, 12 legs de deportes
[11:03:23]   pagina 4: +50 mercados, 54 legs de deportes
[11:03:23]   pagina 5: +50 mercados, 97 legs de deportes
[11:03:23] [COMBO] 2 legs · cuota est. 1.32 · stake $9.55 (AUTO)
[11:03:23]   · Cassis: Mark Lajal vs Daniel Masur (p=0.88 vol=$300k)
[11:03:23]   · Will FC Barcelona win on 2026-09-13? (p=0.85 vol=$172k)
[11:03:24]   RFQ create -> 200 {"rfq_id":"rfq-c157a44a19d3cbfc2520b0e8","status":"AWAITING_REQUESTER_ACCEPTANCE","expires_at":1789211009356,"request":{"rfq_id":"rfq-c157a44a19d3cbfc2520b0e8",
[11:03:24]   quote: cuota=1.3 blended=0.771 shares=12.25 total=$9.55
[11:03:24]   ⚖️ ventaja insuficiente: RFQ 1.3 vs mercado ~1.32 = EV -1.5% < 5% exigidos — NO se acepta ($0)
[11:03:24]   ❌ combo: ventaja_-1.5_insuficiente
[11:13:22] [AUTO] pasada (combos RFQ v11)
[11:13:23]   pagina 1: +50 mercados, 0 legs de deportes
[11:13:23]   pagina 2: +50 mercados, 1 legs de deportes
[11:13:24]   pagina 3: +50 mercados, 12 legs de deportes
[11:13:24]   pagina 4: +50 mercados, 55 legs de deportes
[11:13:24]   pagina 5: +50 mercados, 100 legs de deportes
[11:13:24] [COMBO] 2 legs · cuota est. 1.34 · stake $9.48 (AUTO)
[11:13:24]   · Cassis: Mark Lajal vs Daniel Masur (p=0.87 vol=$321k)
[11:13:24]   · Will FC Barcelona win on 2026-09-13? (p=0.85 vol=$172k)
[11:13:25]   RFQ create -> 200 {"rfq_id":"rfq-fd42a3da180069919df906d1","status":"AWAITING_REQUESTER_ACCEPTANCE","expires_at":1789211610610,"request":{"rfq_id":"rfq-fd42a3da180069919df906d1",
[11:13:25]   quote: cuota=1.31 blended=0.761 shares=12.30 total=$9.48
[11:13:25]   ⚖️ ventaja insuficiente: RFQ 1.31 vs mercado ~1.34 = EV -2.2% < 5% exigidos — NO se acepta ($0)
[11:13:25]   ❌ combo: ventaja_-2.2_insuficiente
[11:23:24] [AUTO] pasada (combos RFQ v11)
[11:23:24]   pagina 1: +50 mercados, 0 legs de deportes
[11:23:24]   pagina 2: +50 mercados, 1 legs de deportes
[11:23:25]   pagina 3: +50 mercados, 12 legs de deportes
[11:23:25]   pagina 4: +50 mercados, 53 legs de deportes
[11:23:26]   pagina 5: +50 mercados, 97 legs de deportes
[11:23:26] [COMBO] 2 legs · cuota est. 1.3 · stake $9.62 (AUTO)
[11:23:26]   · Cassis: Mark Lajal vs Daniel Masur (p=0.90 vol=$321k)
[11:23:26]   · Will FC Barcelona win on 2026-09-13? (p=0.85 vol=$172k)
[11:23:26]   RFQ create -> 200 {"rfq_id":"rfq-f88e78090a8b20abf573d84a","status":"AWAITING_REQUESTER_ACCEPTANCE","expires_at":1789212211808,"request":{"rfq_id":"rfq-f88e78090a8b20abf573d84a",
[11:23:26]   quote: cuota=1.32 blended=0.758 shares=12.54 total=$9.62
[11:23:26]   ⚖️ ventaja insuficiente: RFQ 1.32 vs mercado ~1.3 = EV +1.5% < 5% exigidos — NO se acepta ($0)
[11:23:27]   ❌ combo: ventaja_+1.5_insuficiente
[11:33:26] [AUTO] pasada (combos RFQ v11)
[11:33:26]   pagina 1: +50 mercados, 0 legs de deportes
[11:33:27]   pagina 2: +50 mercados, 1 legs de deportes
[11:33:27]   pagina 3: +50 mercados, 12 legs de deportes
[11:33:27]   pagina 4: +50 mercados, 56 legs de deportes
[11:33:28]   pagina 5: +50 mercados, 98 legs de deportes
[11:33:28] [COMBO] 2 legs · cuota est. 1.5 · stake $9.0 (AUTO)
[11:33:28]   · LoL: Anyone's Legend vs Invictus Gaming (BO5) - LPL Play (p=0.71 vol=$1807k)
[11:33:28]   · Cassis: Mark Lajal vs Daniel Masur (p=0.93 vol=$325k)
[11:33:29]   RFQ create -> 200 {"rfq_id":"rfq-bb4e6e5f2d0affd1963bdf1c","status":"AWAITING_REQUESTER_ACCEPTANCE","expires_at":1789212814172,"request":{"rfq_id":"rfq-bb4e6e5f2d0affd1963bdf1c",
[11:33:29]   quote: cuota=1.35 blended=0.739 shares=12.02 total=$9.00
[11:33:29]   ⚖️ ventaja insuficiente: RFQ 1.35 vs mercado ~1.5 = EV -10.0% < 5% exigidos — NO se acepta ($0)
[11:33:29]   ❌ combo: ventaja_-10.0_insuficiente
[11:43:27] [AUTO] pasada (combos RFQ v11)
[11:43:27]   pagina 1: +50 mercados, 0 legs de deportes
[11:43:28]   pagina 2: +50 mercados, 2 legs de deportes
[11:43:28]   pagina 3: +50 mercados, 11 legs de deportes
[11:43:29]   pagina 4: +50 mercados, 54 legs de deportes
[11:43:29]   pagina 5: +50 mercados, 99 legs de deportes
[11:43:29] [COMBO] 2 legs · cuota est. 1.29 · stake $9.65 (AUTO)
[11:43:29]   · LoL: Anyone's Legend vs Invictus Gaming - Game 3 Winner (p=0.91 vol=$1122k)
[11:43:29]   · Will FC Barcelona win on 2026-09-13? (p=0.85 vol=$172k)
[11:43:30]   RFQ create -> 200 {"rfq_id":"rfq-5ce8e130a8393607c0f18e7a","status":"AWAITING_REQUESTER_ACCEPTANCE","expires_at":1789213415390,"request":{"rfq_id":"rfq-5ce8e130a8393607c0f18e7a",
[11:43:30]   quote: cuota=1.15 blended=0.869 shares=11.03 total=$9.65
[11:43:30]   NO acepto: cuota real 1.15 fuera de [1.2-2.5]
[11:43:30]   ❌ combo: cuota_real_1.15_fuera
[11:45:30]   [copy] tope diario de señales (5) alcanzado
[11:48:31]   [copy] tope diario de señales (5) alcanzado
[11:51:31]   [copy] tope diario de señales (5) alcanzado
[11:52:41] loop err: The read operation timed out
[11:53:32] [AUTO] pasada (combos RFQ v11)
[11:53:32]   pagina 1: +50 mercados, 0 legs de deportes
[11:53:33]   pagina 2: +50 mercados, 1 legs de deportes
[11:53:33]   pagina 3: +50 mercados, 10 legs de deportes
[11:53:33]   pagina 4: +50 mercados, 56 legs de deportes
[11:53:34]   pagina 5: +50 mercados, 99 legs de deportes
[11:53:34] [COMBO] 2 legs · cuota est. 1.53 · stake $8.92 (AUTO)
[11:53:34]   · Will FC Barcelona win on 2026-09-13? (p=0.85 vol=$172k)
[11:53:34]   · Will BV Borussia 09 Dortmund win on 2026-09-12? (p=0.77 vol=$160k)
[11:53:35]   RFQ create -> 200 {"rfq_id":"rfq-363d9f80d69b8702992c4553","status":"AWAITING_REQUESTER_ACCEPTANCE","expires_at":1789214019980,"request":{"rfq_id":"rfq-363d9f80d69b8702992c4553",
[11:53:35]   quote: cuota=1.51 blended=0.663 shares=13.23 total=$8.92
[11:53:35]   ⚖️ ventaja insuficiente: RFQ 1.51 vs mercado ~1.53 = EV -1.3% < 5% exigidos — NO se acepta ($0)
[11:53:35]   ❌ combo: ventaja_-1.3_insuficiente
[12:00:06] loop err: The read operation timed out
[12:03:33] [AUTO] pasada (combos RFQ v11)
[12:03:33]   pagina 1: +50 mercados, 0 legs de deportes
[12:03:33]   pagina 2: +50 mercados, 1 legs de deportes
[12:03:34]   pagina 3: +50 mercados, 10 legs de deportes
[12:03:34]   pagina 4: +50 mercados, 55 legs de deportes
[12:03:35]   pagina 5: +50 mercados, 100 legs de deportes
[12:03:35] [COMBO] 2 legs · cuota est. 1.37 · stake $9.38 (AUTO)
[12:03:35]   · Will Real Madrid CF win on 2026-09-12? (p=0.85 vol=$224k)
[12:03:35]   · Will FC Barcelona win on 2026-09-13? (p=0.85 vol=$172k)
[12:04:06]   RFQ create -> 200 {"rfq_id":"rfq-537574bbd9a4344de5dbecdd","status":"AWAITING_REQUESTER_ACCEPTANCE","expires_at":1789214651160,"request":{"rfq_id":"rfq-537574bbd9a4344de5dbecdd",
[12:04:06]   quote: cuota=1.36 blended=0.738 shares=12.55 total=$9.38
[12:04:06]   ⚖️ ventaja insuficiente: RFQ 1.36 vs mercado ~1.37 = EV -0.7% < 5% exigidos — NO se acepta ($0)
[12:04:06]   ❌ combo: ventaja_-0.7_insuficiente
[12:07:07]   [copy] tope diario de señales (5) alcanzado
[12:13:35] [AUTO] pasada (combos RFQ v11)
[12:13:35]   pagina 1: +50 mercados, 0 legs de deportes
[12:13:35]   pagina 2: +50 mercados, 1 legs de deportes
[12:13:36]   pagina 3: +50 mercados, 11 legs de deportes
[12:13:36]   pagina 4: +50 mercados, 54 legs de deportes
[12:13:36]   pagina 5: +50 mercados, 98 legs de deportes
[12:13:37] [COMBO] 2 legs · cuota est. 1.37 · stake $9.38 (AUTO)
[12:13:37]   · Will Real Madrid CF win on 2026-09-12? (p=0.85 vol=$228k)
[12:13:37]   · Will FC Barcelona win on 2026-09-13? (p=0.85 vol=$172k)
[12:13:37]   RFQ create -> 200 {"rfq_id":"rfq-d8c320320bccc5eb80143c3d","status":"AWAITING_REQUESTER_ACCEPTANCE","expires_at":1789215222885,"request":{"rfq_id":"rfq-d8c320320bccc5eb80143c3d",
[12:13:37]   quote: cuota=1.36 blended=0.737 shares=12.56 total=$9.38
[12:13:37]   ⚖️ ventaja insuficiente: RFQ 1.36 vs mercado ~1.37 = EV -0.7% < 5% exigidos — NO se acepta ($0)
[12:13:38]   ❌ combo: ventaja_-0.7_insuficiente
[12:23:36] [AUTO] pasada (combos RFQ v11)
[12:23:36]   pagina 1: +50 mercados, 0 legs de deportes
[12:23:37]   pagina 2: +50 mercados, 1 legs de deportes
[12:23:37]   pagina 3: +50 mercados, 11 legs de deportes
[12:23:37]   pagina 4: +50 mercados, 53 legs de deportes
[12:23:38]   pagina 5: +50 mercados, 97 legs de deportes
[12:23:38] [COMBO] 2 legs · cuota est. 1.37 · stake $9.38 (AUTO)
[12:23:38]   · Will Real Madrid CF win on 2026-09-12? (p=0.85 vol=$228k)
[12:23:38]   · Will FC Barcelona win on 2026-09-13? (p=0.85 vol=$172k)
[12:23:39]   RFQ create -> 200 {"rfq_id":"rfq-42be3016f72a34fc0f2702f7","status":"AWAITING_REQUESTER_ACCEPTANCE","expires_at":1789215824068,"request":{"rfq_id":"rfq-42be3016f72a34fc0f2702f7",
[12:23:39]   quote: cuota=1.36 blended=0.738 shares=12.55 total=$9.38
[12:23:39]   ⚖️ ventaja insuficiente: RFQ 1.36 vs mercado ~1.37 = EV -0.7% < 5% exigidos — NO se acepta ($0)
[12:23:39]   ❌ combo: ventaja_-0.7_insuficiente
[12:31:20] loop err: The read operation timed out
[12:33:37] [AUTO] pasada (combos RFQ v11)
[12:33:37]   pagina 1: +50 mercados, 0 legs de deportes
[12:33:38]   pagina 2: +50 mercados, 2 legs de deportes
[12:33:38]   pagina 3: +50 mercados, 11 legs de deportes
[12:33:38]   pagina 4: +50 mercados, 52 legs de deportes
[12:33:39]   pagina 5: +50 mercados, 93 legs de deportes
[12:33:39] [COMBO] 2 legs · cuota est. 1.38 · stake $9.35 (AUTO)
[12:33:39]   · Antalya 4: Rositsa Dencheva vs Irene Burillo Escorihuela (p=0.84 vol=$316k)
[12:33:39]   · Will Real Madrid CF win on 2026-09-12? (p=0.85 vol=$230k)
[12:33:40]   RFQ create -> 200 {"rfq_id":"rfq-0a9be082a85a66d18eac80f2","status":"AWAITING_REQUESTER_ACCEPTANCE","expires_at":1789216425050,"request":{"rfq_id":"rfq-0a9be082a85a66d18eac80f2",
[12:33:40]   quote: cuota=1.34 blended=0.749 shares=12.33 total=$9.35
[12:33:40]   ⚖️ ventaja insuficiente: RFQ 1.34 vs mercado ~1.38 = EV -2.9% < 5% exigidos — NO se acepta ($0)
[12:33:40]   ❌ combo: ventaja_-2.9_insuficiente
[12:34:25]   [copy] tope diario de señales (5) alcanzado
[12:37:26]   [copy] tope diario de señales (5) alcanzado
[12:40:26]   [copy] tope diario de señales (5) alcanzado
[12:43:27]   [copy] tope diario de señales (5) alcanzado
[12:43:37] [AUTO] pasada (combos RFQ v11)
[12:43:38]   pagina 1: +50 mercados, 0 legs de deportes
[12:43:38]   pagina 2: +50 mercados, 2 legs de deportes
[12:43:38]   pagina 3: +50 mercados, 9 legs de deportes
[12:43:39]   pagina 4: +50 mercados, 54 legs de deportes
[12:43:39]   pagina 5: +50 mercados, 95 legs de deportes
[12:43:39] [COMBO] 2 legs · cuota est. 1.37 · stake $9.38 (AUTO)
[12:43:39]   · Will Real Madrid CF win on 2026-09-12? (p=0.85 vol=$238k)
[12:43:39]   · Will FC Barcelona win on 2026-09-13? (p=0.85 vol=$172k)
[12:43:40]   RFQ create -> 200 {"rfq_id":"rfq-bfd3ab4c3bab47381a1f3eea","status":"AWAITING_REQUESTER_ACCEPTANCE","expires_at":1789217025562,"request":{"rfq_id":"rfq-bfd3ab4c3bab47381a1f3eea",
[12:43:40]   quote: cuota=1.35 blended=0.743 shares=12.46 total=$9.38
[12:43:40]   ⚖️ ventaja insuficiente: RFQ 1.35 vs mercado ~1.37 = EV -1.5% < 5% exigidos — NO se acepta ($0)
[12:43:40]   ❌ combo: ventaja_-1.5_insuficiente
[12:46:31]   [copy] tope diario de señales (5) alcanzado
[12:51:50] loop err: The read operation timed out
[12:52:33]   [copy] tope diario de señales (5) alcanzado
[12:53:38] [AUTO] pasada (combos RFQ v11)
[12:53:38]   pagina 1: +50 mercados, 0 legs de deportes
[12:53:39]   pagina 2: +50 mercados, 2 legs de deportes
[12:53:39]   pagina 3: +50 mercados, 9 legs de deportes
[12:53:40]   pagina 4: +50 mercados, 56 legs de deportes
[12:53:40]   pagina 5: +50 mercados, 95 legs de deportes
[12:53:40] [COMBO] 2 legs · cuota est. 1.49 · stake $9.03 (AUTO)
[12:53:40]   · Counter-Strike: BetBoom Team vs G2 (BO3) - FISSURE PLAYG (p=0.79 vol=$1103k)
[12:53:40]   · Will Real Madrid CF win on 2026-09-12? (p=0.85 vol=$238k)
[12:53:41]   RFQ create -> 200 {"rfq_id":"rfq-ed7a5865e41d34d08e22cff7","status":"AWAITING_REQUESTER_ACCEPTANCE","expires_at":1789217626196,"request":{"rfq_id":"rfq-ed7a5865e41d34d08e22cff7",
[12:53:41]   quote: cuota=1.75 blended=0.571 shares=15.48 total=$9.03
[12:53:41]   stake AUTO ajustado con cuota real: $9.03 -> $10.0
[12:53:41]   saldo CLOB ok: $232.47 >= $9.03
[12:53:42]   RFQ accept -> 200 {"rfq_id":"rfq-ed7a5865e41d34d08e22cff7","status":"EXECUTING","taker_order_hash":"0xda47a0e980f13bebeec2029a67a05a30fafa85950c6e9ed49f4c18e726a0d1e4"}

[12:53:52]   RFQ status final: CONFIRMED tx=0xc3e134efbe8bdfe048219c8f
[12:53:52]   ✅ combo OK: {'oid': 'rfq-ed7a5865e41d34d08e22cff7', 'status': 'CONFIRMED', 'cuota': 1.75}
[12:55:37]   [copy] tope diario de señales (5) alcanzado
[12:58:38]   [copy] tope diario de señales (5) alcanzado
[13:01:39]   [copy] tope diario de señales (5) alcanzado
[13:03:39] [AUTO] pasada (combos RFQ v11)
[13:03:40]   pagina 1: +50 mercados, 1 legs de deportes
[13:03:40]   pagina 2: +50 mercados, 2 legs de deportes
[13:03:40]   pagina 3: +50 mercados, 9 legs de deportes
[13:03:41]   pagina 4: +50 mercados, 55 legs de deportes
[13:03:41]   pagina 5: +50 mercados, 94 legs de deportes
[13:03:41] [COMBO] 2 legs · cuota est. 1.53 · stake $8.92 (AUTO)
[13:03:41]   · Will FC Barcelona win on 2026-09-13? (p=0.85 vol=$172k)
[13:03:41]   · Will BV Borussia 09 Dortmund win on 2026-09-12? (p=0.77 vol=$169k)
[13:04:12]   RFQ create -> 200 {"rfq_id":"rfq-ae43db361d259047dce8a017","status":"AWAITING_REQUESTER_ACCEPTANCE","expires_at":1789218257519,"request":{"rfq_id":"rfq-ae43db361d259047dce8a017",
[13:04:12]   quote: cuota=1.49 blended=0.671 shares=13.08 total=$8.92
[13:04:12]   ⚖️ ventaja insuficiente: RFQ 1.49 vs mercado ~1.53 = EV -2.6% < 5% exigidos — NO se acepta ($0)
[13:04:12]   ❌ combo: ventaja_-2.6_insuficiente
[13:10:45]   [copy] tope diario de señales (5) alcanzado
[13:13:41] [AUTO] pasada (combos RFQ v11)
[13:13:41]   pagina 1: +50 mercados, 1 legs de deportes
[13:13:42]   pagina 2: +50 mercados, 3 legs de deportes
[13:13:42]   pagina 3: +50 mercados, 10 legs de deportes
[13:13:42]   pagina 4: +50 mercados, 57 legs de deportes
[13:13:43]   pagina 5: +50 mercados, 95 legs de deportes
[13:13:43] [COMBO] 2 legs · cuota est. 1.53 · stake $8.92 (AUTO)
[13:13:43]   · Will BV Borussia 09 Dortmund win on 2026-09-12? (p=0.77 vol=$175k)
[13:13:43]   · Will FC Barcelona win on 2026-09-13? (p=0.85 vol=$172k)
[13:13:43]   RFQ create -> 200 {"rfq_id":"rfq-2f35915324f26c36c07824e1","status":"AWAITING_REQUESTER_ACCEPTANCE","expires_at":1789218828936,"request":{"rfq_id":"rfq-2f35915324f26c36c07824e1",
[13:13:43]   quote: cuota=1.49 blended=0.671 shares=13.08 total=$8.92
[13:13:43]   ⚖️ ventaja insuficiente: RFQ 1.49 vs mercado ~1.53 = EV -2.6% < 5% exigidos — NO se acepta ($0)
[13:13:44]   ❌ combo: ventaja_-2.6_insuficiente
[13:14:04] loop err: The read operation timed out
[13:16:50]   [copy] tope diario de señales (5) alcanzado
[13:19:51]   [copy] tope diario de señales (5) alcanzado
[13:23:42] [AUTO] pasada (combos RFQ v11)
[13:23:43]   pagina 1: +50 mercados, 1 legs de deportes
[13:23:43]   pagina 2: +50 mercados, 3 legs de deportes
[13:23:43]   pagina 3: +50 mercados, 11 legs de deportes
[13:23:44]   pagina 4: +50 mercados, 57 legs de deportes
[13:23:44]   pagina 5: +50 mercados, 94 legs de deportes
[13:23:44] [COMBO] 2 legs · cuota est. 1.53 · stake $8.92 (AUTO)
[13:23:44]   · Will BV Borussia 09 Dortmund win on 2026-09-12? (p=0.77 vol=$175k)
[13:23:44]   · Will FC Barcelona win on 2026-09-13? (p=0.85 vol=$172k)
[13:23:51] loop err: The read operation timed out
[13:24:16]   RFQ create -> 200 {"rfq_id":"rfq-76ca48c6d7b75c0a796b7131","status":"AWAITING_REQUESTER_ACCEPTANCE","expires_at":1789219461180,"request":{"rfq_id":"rfq-76ca48c6d7b75c0a796b7131",
[13:24:16]   quote: cuota=1.5 blended=0.669 shares=13.12 total=$8.92
[13:24:16]   ⚖️ ventaja insuficiente: RFQ 1.5 vs mercado ~1.53 = EV -2.0% < 5% exigidos — NO se acepta ($0)
[13:24:16]   ❌ combo: ventaja_-2.0_insuficiente
[13:28:57]   [copy] tope diario de señales (5) alcanzado
[13:33:44] [AUTO] pasada (combos RFQ v11)
[13:33:44]   pagina 1: +50 mercados, 1 legs de deportes
[13:33:45]   pagina 2: +50 mercados, 3 legs de deportes
[13:33:45]   pagina 3: +50 mercados, 10 legs de deportes
[13:33:45]   pagina 4: +50 mercados, 52 legs de deportes
[13:33:46]   pagina 5: +50 mercados, 90 legs de deportes
[13:33:46] [COMBO] 2 legs · cuota est. 1.41 · stake $9.26 (AUTO)
[13:33:46]   · LoL: Anyone's Legend vs Invictus Gaming (BO5) - LPL Play (p=0.93 vol=$3178k)
[13:33:46]   · Will BV Borussia 09 Dortmund win on 2026-09-12? (p=0.77 vol=$189k)
[13:33:47]   RFQ create -> 200 {"rfq_id":"rfq-d09ae7622a15e5168881bb34","status":"AWAITING_REQUESTER_ACCEPTANCE","expires_at":1789220032104,"request":{"rfq_id":"rfq-d09ae7622a15e5168881bb34",
[13:33:47]   quote: cuota=1.34 blended=0.745 shares=12.27 total=$9.26
[13:33:47]   ⚖️ ventaja insuficiente: RFQ 1.34 vs mercado ~1.41 = EV -5.0% < 5% exigidos — NO se acepta ($0)
[13:33:47]   ❌ combo: ventaja_-5.0_insuficiente
[13:35:02]   [copy] tope diario de señales (5) alcanzado
[13:43:45] [AUTO] pasada (combos RFQ v11)
[13:43:45]   pagina 1: +50 mercados, 0 legs de deportes
[13:43:46]   pagina 2: +50 mercados, 2 legs de deportes
[13:43:46]   pagina 3: +50 mercados, 9 legs de deportes
[13:43:46]   pagina 4: +50 mercados, 52 legs de deportes
[13:43:47]   pagina 5: +50 mercados, 88 legs de deportes
[13:43:47] [COMBO] 2 legs · cuota est. 1.47 · stake $9.08 (AUTO)
[13:43:47]   · Will BV Borussia 09 Dortmund win on 2026-09-12? (p=0.86 vol=$220k)
[13:43:47]   · Will Real Racing Club win on 2026-09-12? (p=0.79 vol=$194k)
[13:43:47]   RFQ create -> 200 {"rfq_id":"rfq-820a63d13dd85624088784c9","status":"AWAITING_REQUESTER_ACCEPTANCE","expires_at":1789220632925,"request":{"rfq_id":"rfq-820a63d13dd85624088784c9",
[13:43:47]   quote: cuota=1.39 blended=0.719 shares=12.45 total=$9.08
[13:43:47]   ⚖️ ventaja insuficiente: RFQ 1.39 vs mercado ~1.47 = EV -5.4% < 5% exigidos — NO se acepta ($0)
[13:43:48]   ❌ combo: ventaja_-5.4_insuficiente
[13:44:08]   [copy] tope diario de señales (5) alcanzado
[13:46:31] loop err: The read operation timed out
[13:47:09]   [copy] tope diario de señales (5) alcanzado
[13:50:10]   [copy] tope diario de señales (5) alcanzado
[13:53:11]   [copy] tope diario de señales (5) alcanzado
[13:53:46] [AUTO] pasada (combos RFQ v11)
[13:53:47]   pagina 1: +50 mercados, 0 legs de deportes
[13:53:47]   pagina 2: +50 mercados, 2 legs de deportes
[13:53:47]   pagina 3: +50 mercados, 9 legs de deportes
[13:53:48]   pagina 4: +50 mercados, 51 legs de deportes
[13:53:48]   pagina 5: +50 mercados, 87 legs de deportes
[13:53:48] [COMBO] 2 legs · cuota est. 1.42 · stake $9.23 (AUTO)
[13:53:48]   · Will BV Borussia 09 Dortmund win on 2026-09-12? (p=0.83 vol=$220k)
[13:53:48]   · Will Real Racing Club win on 2026-09-12? (p=0.84 vol=$194k)
[13:53:49]   RFQ create -> 200 {"rfq_id":"rfq-37c8ac74a0fb15849ff3c316","status":"AWAITING_REQUESTER_ACCEPTANCE","expires_at":1789221234541,"request":{"rfq_id":"rfq-37c8ac74a0fb15849ff3c316",
[13:53:49]   quote: cuota=1.21 blended=0.826 shares=11.07 total=$9.23
[13:53:49]   ⚖️ ventaja insuficiente: RFQ 1.21 vs mercado ~1.42 = EV -14.8% < 5% exigidos — NO se acepta ($0)
[13:53:49]   ❌ combo: ventaja_-14.8_insuficiente
[13:56:15]   [copy] tope diario de señales (5) alcanzado
[13:59:16]   [copy] tope diario de señales (5) alcanzado
[14:02:16]   [copy] tope diario de señales (5) alcanzado
[14:03:47] [AUTO] pasada (combos RFQ v11)
[14:03:47]   pagina 1: +50 mercados, 0 legs de deportes
[14:03:48]   pagina 2: +50 mercados, 2 legs de deportes
[14:03:48]   pagina 3: +50 mercados, 10 legs de deportes
[14:03:48]   pagina 4: +50 mercados, 51 legs de deportes
[14:03:49]   pagina 5: +50 mercados, 87 legs de deportes
[14:03:49] [COMBO] 2 legs · cuota est. 1.49 · stake $9.03 (AUTO)
[14:03:49]   · Will Chelsea FC win on 2026-09-12? (p=0.80 vol=$508k)
[14:03:49]   · Will BV Borussia 09 Dortmund win on 2026-09-12? (p=0.84 vol=$279k)
[14:03:50]   RFQ create -> 200 {"rfq_id":"rfq-1e3affbb85521987aa4f0606","status":"AWAITING_REQUESTER_ACCEPTANCE","expires_at":1789221835173,"request":{"rfq_id":"rfq-1e3affbb85521987aa4f0606",
[14:03:50]   quote: cuota=1.29 blended=0.773 shares=11.55 total=$9.03
[14:03:50]   ⚖️ ventaja insuficiente: RFQ 1.29 vs mercado ~1.49 = EV -13.4% < 5% exigidos — NO se acepta ($0)
[14:03:50]   ❌ combo: ventaja_-13.4_insuficiente
[14:05:20]   [copy] tope diario de señales (5) alcanzado
[14:08:21]   [copy] tope diario de señales (5) alcanzado
[14:13:47] [AUTO] pasada (combos RFQ v11)
[14:13:48]   pagina 1: +50 mercados, 0 legs de deportes
[14:13:48]   pagina 2: +50 mercados, 2 legs de deportes
[14:13:48]   pagina 3: +50 mercados, 10 legs de deportes
[14:13:49]   pagina 4: +50 mercados, 51 legs de deportes
[14:13:49]   pagina 5: +50 mercados, 87 legs de deportes
[14:13:49] [COMBO] 2 legs · cuota est. 1.32 · stake $9.55 (AUTO)
[14:13:49]   · Will Chelsea FC win on 2026-09-12? (p=0.90 vol=$522k)
[14:13:49]   · Will BV Borussia 09 Dortmund win on 2026-09-12? (p=0.84 vol=$317k)
[14:13:50]   RFQ create -> 200 {"rfq_id":"rfq-adcddb6f113b4c34573b1e04","status":"AWAITING_REQUESTER_ACCEPTANCE","expires_at":1789222435436,"request":{"rfq_id":"rfq-adcddb6f113b4c34573b1e04",
[14:13:50]   quote: cuota=1.27 blended=0.786 shares=12.02 total=$9.55
[14:13:50]   ⚖️ ventaja insuficiente: RFQ 1.27 vs mercado ~1.32 = EV -3.8% < 5% exigidos — NO se acepta ($0)
[14:13:50]   ❌ combo: ventaja_-3.8_insuficiente
[14:17:06]   fills_wallet: sin datos (HTTP Error 429: Too Many Requests)
[14:17:07]   cobros_wallet: sin datos (HTTP Error 429: Too Many Requests)
[14:17:08]   cobros_wallet: sin datos (HTTP Error 429: Too Many Requests)
[14:17:08]   cobros_wallet: sin datos (HTTP Error 429: Too Many Requests)
[14:17:09]   cobros_wallet: sin datos (HTTP Error 429: Too Many Requests)
[14:17:09]   cobros_wallet: sin datos (HTTP Error 429: Too Many Requests)
[14:17:10]   cobros_wallet: sin datos (HTTP Error 429: Too Many Requests)
[14:17:10]   cobros_wallet: sin datos (HTTP Error 429: Too Many Requests)
[14:17:11]   cobros_wallet: sin datos (HTTP Error 429: Too Many Requests)
[14:17:11]   cobros_wallet: sin datos (HTTP Error 429: Too Many Requests)
[14:17:12]   cobros_wallet: sin datos (HTTP Error 429: Too Many Requests)
[14:17:12]   cobros_wallet: sin datos (HTTP Error 429: Too Many Requests)
[14:17:13]   cobros_wallet: sin datos (HTTP Error 429: Too Many Requests)
[14:17:13]   cobros_wallet: sin datos (HTTP Error 429: Too Many Requests)
[14:17:13]   cobros_wallet: sin datos (HTTP Error 429: Too Many Requests)
[14:17:14]   cobros_wallet: sin datos (HTTP Error 429: Too Many Requests)
[14:17:14]   cobros_wallet: sin datos (HTTP Error 429: Too Many Requests)
[14:17:15]   cobros_wallet: sin datos (HTTP Error 429: Too Many Requests)
[14:17:15]   cobros_wallet: sin datos (HTTP Error 429: Too Many Requests)
[14:17:16]   cobros_wallet: sin datos (HTTP Error 429: Too Many Requests)
[14:17:16]   cobros_wallet: sin datos (HTTP Error 429: Too Many Requests)
[14:17:17]   cobros_wallet: sin datos (HTTP Error 429: Too Many Requests)
[14:17:17]   cobros_wallet: sin datos (HTTP Error 429: Too Many Requests)
[14:17:18]   cobros_wallet: sin datos (HTTP Error 429: Too Many Requests)
[14:17:18]   cobros_wallet: sin datos (HTTP Error 429: Too Many Requests)
[14:17:19]   cobros_wallet: sin datos (HTTP Error 429: Too Many Requests)
[14:17:19]   cobros_wallet: sin datos (HTTP Error 429: Too Many Requests)
[14:17:20]   cobros_wallet: sin datos (HTTP Error 429: Too Many Requests)
[14:17:21]   verdad: 28 cobros REDEEM>0 por token + 80 por título (80 registros)
[14:17:22]   [auditoria:auto] APLICADA reabiertas=0 corregidas=0 confirmadas=51 manuales=0 nuevas=1 sin_datos=0 · PnL archivadas +18.16→+22.17
[14:20:29]   [copy] tope diario de señales (5) alcanzado
[14:20:45] loop err: The read operation timed out
[14:23:30]   [copy] tope diario de señales (5) alcanzado
[14:23:50] [AUTO] pasada (combos RFQ v11)
[14:23:50]   pagina 1: +50 mercados, 0 legs de deportes
[14:23:51]   pagina 2: +50 mercados, 2 legs de deportes
[14:23:51]   pagina 3: +50 mercados, 11 legs de deportes
[14:23:52]   pagina 4: +50 mercados, 54 legs de deportes
[14:23:52]   pagina 5: +50 mercados, 92 legs de deportes
[14:23:52] [COMBO] 2 legs · cuota est. 1.31 · stake $9.58 (AUTO)
[14:23:52]   · Will Chelsea FC win on 2026-09-12? (p=0.91 vol=$522k)
[14:23:52]   · Will BV Borussia 09 Dortmund win on 2026-09-12? (p=0.84 vol=$317k)
[14:23:53]   RFQ create -> 200 {"rfq_id":"rfq-383b7067b315fb99efb37ecd","status":"AWAITING_REQUESTER_ACCEPTANCE","expires_at":1789223038353,"request":{"rfq_id":"rfq-383b7067b315fb99efb37ecd",
[14:23:53]   quote: cuota=1.28 blended=0.782 shares=12.12 total=$9.58
[14:23:53]   ⚖️ ventaja insuficiente: RFQ 1.28 vs mercado ~1.31 = EV -2.3% < 5% exigidos — NO se acepta ($0)
[14:23:53]   ❌ combo: ventaja_-2.3_insuficiente
[14:24:35]   pagina 1: +50 mercados, 0 legs de deportes
[14:24:36]   pagina 2: +50 mercados, 2 legs de deportes
[14:24:36]   pagina 3: +50 mercados, 11 legs de deportes
[14:24:36]   pagina 4: +50 mercados, 54 legs de deportes
[14:24:37]   pagina 5: +50 mercados, 92 legs de deportes
[14:26:34]   [copy] tope diario de señales (5) alcanzado
[14:29:34]   [copy] tope diario de señales (5) alcanzado
[14:32:35]   [copy] tope diario de señales (5) alcanzado
[14:33:50] [AUTO] pasada (combos RFQ v11)
[14:33:51]   pagina 1: +50 mercados, 0 legs de deportes
[14:33:51]   pagina 2: +50 mercados, 2 legs de deportes
[14:33:51]   pagina 3: +50 mercados, 11 legs de deportes
[14:33:52]   pagina 4: +50 mercados, 55 legs de deportes
[14:33:52]   pagina 5: +50 mercados, 95 legs de deportes
[14:33:52] [COMBO] 2 legs · cuota est. 1.4 · stake $9.29 (AUTO)
[14:33:52]   · Will Chelsea FC win on 2026-09-12? (p=0.76 vol=$554k)
[14:33:52]   · Cassis: Titouan Droguet vs Nicolai Budkov Kjaer (p=0.94 vol=$442k)
[14:33:53]   RFQ create -> 200 {"rfq_id":"rfq-78f83f70fc801ea8e474b145","status":"AWAITING_REQUESTER_ACCEPTANCE","expires_at":1789223638469,"request":{"rfq_id":"rfq-78f83f70fc801ea8e474b145",
[14:33:53]   quote: cuota=1.89 blended=0.529 shares=17.16 total=$9.29
[14:33:53]   stake AUTO ajustado con cuota real: $9.29 -> $10.0
[14:33:53]   saldo CLOB ok: $223.44 >= $9.29
[14:33:54]   RFQ accept -> 200 {"rfq_id":"rfq-78f83f70fc801ea8e474b145","status":"EXECUTING","taker_order_hash":"0x0992f91a15cb4d2d603dfa4b47b7b26539af18bf500d6ded025c227c6ce7abee"}

[14:34:04]   RFQ status final: CONFIRMED tx=0x86f9204d698933e387986857
[14:34:04]   ✅ combo OK: {'oid': 'rfq-78f83f70fc801ea8e474b145', 'status': 'CONFIRMED', 'cuota': 1.89}
[14:35:40]   [copy] tope diario de señales (5) alcanzado
[14:43:53] [AUTO] pasada (combos RFQ v11)
[14:43:53]   pagina 1: +50 mercados, 0 legs de deportes
[14:43:53]   pagina 2: +50 mercados, 1 legs de deportes
[14:43:54]   pagina 3: +50 mercados, 9 legs de deportes
[14:43:54]   pagina 4: +50 mercados, 52 legs de deportes
[14:43:55]   pagina 5: +50 mercados, 92 legs de deportes
[14:43:55] [COMBO] 2 legs · cuota est. 1.28 · stake $9.69 (AUTO)
[14:43:55]   · Will BV Borussia 09 Dortmund win on 2026-09-12? (p=0.85 vol=$376k)
[14:43:55]   · Will SC Freiburg win on 2026-09-12? (p=0.92 vol=$322k)
[14:43:55]   RFQ create -> 200 {"rfq_id":"rfq-589b1ca70cb815de2204b9f4","status":"AWAITING_REQUESTER_ACCEPTANCE","expires_at":1789224240892,"request":{"rfq_id":"rfq-589b1ca70cb815de2204b9f4",
[14:43:55]   quote: cuota=1.17 blended=0.852 shares=11.29 total=$9.69
[14:43:55]   NO acepto: cuota real 1.17 fuera de [1.2-2.5]
[14:43:56]   ❌ combo: cuota_real_1.17_fuera
[14:47:47]   [copy] tope diario de señales (5) alcanzado
[14:50:48]   [copy] señal TARDÍA Genoa CFC vs. Frosinone Calcio: O/U 3.5: él 0.880 → ahora 0.930 (+5.0 pts) · no cuenta
[14:53:54] [AUTO] pasada (combos RFQ v11)
[14:53:55]   pagina 1: +50 mercados, 0 legs de deportes
[14:53:55]   pagina 2: +50 mercados, 1 legs de deportes
[14:53:55]   pagina 3: +50 mercados, 8 legs de deportes
[14:53:56]   pagina 4: +50 mercados, 50 legs de deportes
[14:53:56]   pagina 5: +50 mercados, 90 legs de deportes
[14:53:56] [COMBO] 2 legs · cuota est. 1.31 · stake $9.58 (AUTO)
[14:53:56]   · Will BV Borussia 09 Dortmund win on 2026-09-12? (p=0.89 vol=$376k)
[14:53:56]   · Will FC Barcelona win on 2026-09-13? (p=0.85 vol=$172k)
[14:53:57]   RFQ create -> 200 {"rfq_id":"rfq-016dfb30e06009748034dd19","status":"AWAITING_REQUESTER_ACCEPTANCE","expires_at":1789224842548,"request":{"rfq_id":"rfq-016dfb30e06009748034dd19",
[14:53:57]   quote: cuota=1.3 blended=0.769 shares=12.32 total=$9.58
[14:53:57]   ⚖️ ventaja insuficiente: RFQ 1.3 vs mercado ~1.31 = EV -0.8% < 5% exigidos — NO se acepta ($0)
[14:53:57]   ❌ combo: ventaja_-0.8_insuficiente
[15:02:55]   [copy] tope diario de señales (5) alcanzado
[15:03:55] [AUTO] pasada (combos RFQ v11)
[15:03:56]   pagina 1: +50 mercados, 0 legs de deportes
[15:03:56]   pagina 2: +50 mercados, 1 legs de deportes
[15:03:57]   pagina 3: +50 mercados, 9 legs de deportes
[15:03:57]   pagina 4: +50 mercados, 47 legs de deportes
[15:03:58]   pagina 5: +50 mercados, 88 legs de deportes
[15:03:58] [COMBO] 2 legs · cuota est. 1.21 · stake $9.96 (AUTO)
[15:03:58]   · Will BV Borussia 09 Dortmund win on 2026-09-12? (p=0.89 vol=$392k)
[15:03:58]   · Oregon vs. Oklahoma State (p=0.94 vol=$264k)
[15:03:59]   RFQ create -> 200 {"rfq_id":"rfq-ead169de2fd5c8bcb8d211cb","status":"AWAITING_REQUESTER_ACCEPTANCE","expires_at":1789225443963,"request":{"rfq_id":"rfq-ead169de2fd5c8bcb8d211cb",
[15:03:59]   quote: cuota=1.16 blended=0.865 shares=11.43 total=$9.96
[15:03:59]   NO acepto: cuota real 1.16 fuera de [1.2-2.5]
[15:03:59]   ❌ combo: cuota_real_1.16_fuera
[15:05:59]   [copy] tope diario de señales (5) alcanzado
[15:13:56] [AUTO] pasada (combos RFQ v11)
[15:13:57]   pagina 1: +50 mercados, 0 legs de deportes
[15:13:57]   pagina 2: +50 mercados, 1 legs de deportes
[15:13:58]   pagina 3: +50 mercados, 11 legs de deportes
[15:13:58]   pagina 4: +50 mercados, 47 legs de deportes
[15:13:58]   pagina 5: +50 mercados, 86 legs de deportes
[15:13:58] [COMBO] 2 legs · cuota est. 1.46 · stake $9.11 (AUTO)
[15:13:58]   · Will BV Borussia 09 Dortmund win on 2026-09-12? (p=0.91 vol=$419k)
[15:13:58]   · Antalya 4: Alevtina Ibragimova vs Alicia Herrero Linana (p=0.76 vol=$256k)
[15:13:59]   RFQ create -> 200 {"rfq_id":"rfq-c2c07fff5df9de59d5b723ca","status":"FAILED","error":{"code":"SIZE_TOO_LARGE","message":"size too large"}}

[15:13:59]   ⚠️ RFQ SIZE_TOO_LARGE con $9.11 -> reintento único con $5.00 (suelo)
[15:14:00]   RFQ create (reintento) -> 200 {"rfq_id":"rfq-e2c7bdab2254f92c012db07e","status":"FAILED","error":{"code":"SIZE_TOO_LARGE","message":"size too large"}}

[15:14:00]   ❌ combo: rfq_SIZE_TOO_LARGE
[15:18:07]   [copy] ronda: 0 señal(es) nueva(s) · 0 compra(s) repetida(s) fusionada(s) · 1 resuelta(s) · dedup 82 fills
[15:21:07]   [copy] tope diario de señales (5) alcanzado
[15:23:58] [AUTO] pasada (combos RFQ v11)
[15:23:58]   pagina 1: +50 mercados, 0 legs de deportes
[15:23:58]   pagina 2: +50 mercados, 1 legs de deportes
[15:23:59]   pagina 3: +50 mercados, 11 legs de deportes
[15:23:59]   pagina 4: +50 mercados, 49 legs de deportes
[15:23:59]   pagina 5: +50 mercados, 87 legs de deportes
[15:23:59] [COMBO] 2 legs · cuota est. 1.44 · stake $9.17 (AUTO)
[15:23:59]   · Oregon vs. Oklahoma State (p=0.94 vol=$264k)
[15:23:59]   · Antalya 4: Alevtina Ibragimova vs Alicia Herrero Linana (p=0.74 vol=$256k)
[15:24:00]   RFQ create -> 200 {"rfq_id":"rfq-9a3fc17a8b0a0761fab7932f","status":"AWAITING_REQUESTER_ACCEPTANCE","expires_at":1789226645845,"request":{"rfq_id":"rfq-9a3fc17a8b0a0761fab7932f",
[15:24:00]   quote: cuota=1.27 blended=0.789 shares=11.50 total=$9.17
[15:24:00]   ⚖️ ventaja insuficiente: RFQ 1.27 vs mercado ~1.44 = EV -11.8% < 5% exigidos — NO se acepta ($0)
[15:24:31]   ❌ combo: ventaja_-11.8_insuficiente
[15:24:31]   [copy] tope diario de señales (5) alcanzado
[15:27:31]   [copy] tope diario de señales (5) alcanzado
[15:30:32]   [copy] tope diario de señales (5) alcanzado
[15:33:34]   [copy] tope diario de señales (5) alcanzado
[15:33:59] [AUTO] pasada (combos RFQ v11)
[15:33:59]   pagina 1: +50 mercados, 0 legs de deportes
[15:34:00]   pagina 2: +50 mercados, 1 legs de deportes
[15:34:00]   pagina 3: +50 mercados, 11 legs de deportes
[15:34:00]   pagina 4: +50 mercados, 45 legs de deportes
[15:34:01]   pagina 5: +50 mercados, 75 legs de deportes
[15:34:01] [COMBO] 2 legs · cuota est. 1.22 · stake $9.92 (AUTO)
[15:34:01]   · Antalya 4: Alevtina Ibragimova vs Alicia Herrero Linana (p=0.96 vol=$270k)
[15:34:01]   · Will FC Barcelona win on 2026-09-13? (p=0.85 vol=$172k)
[15:34:02]   RFQ create -> 200 {"rfq_id":"rfq-5b7260ca9eb3b33d75f45a68","status":"AWAITING_REQUESTER_ACCEPTANCE","expires_at":1789227247078,"request":{"rfq_id":"rfq-5b7260ca9eb3b33d75f45a68",
[15:34:02]   quote: cuota=1.15 blended=0.868 shares=11.35 total=$9.92
[15:34:02]   NO acepto: cuota real 1.15 fuera de [1.2-2.5]
[15:34:02]   ❌ combo: cuota_real_1.15_fuera
[15:36:37]   [copy] tope diario de señales (5) alcanzado
[15:39:38]   [copy] tope diario de señales (5) alcanzado
[15:42:39]   [copy] tope diario de señales (5) alcanzado
[15:43:59] [AUTO] pasada (combos RFQ v11)
[15:43:59]   pagina 1: +50 mercados, 0 legs de deportes
[15:44:00]   pagina 2: +50 mercados, 1 legs de deportes
[15:44:00]   pagina 3: +50 mercados, 11 legs de deportes
[15:44:00]   pagina 4: +50 mercados, 44 legs de deportes
[15:44:01]   pagina 5: +50 mercados, 75 legs de deportes
[15:44:01] [COMBO] 2 legs · cuota est. 1.24 · stake $9.84 (AUTO)
[15:44:01]   · Oregon vs. Oklahoma State (p=0.94 vol=$270k)
[15:44:01]   · Will FC Barcelona win on 2026-09-13? (p=0.85 vol=$172k)
[15:44:02]   RFQ create -> 200 {"rfq_id":"rfq-3bfaebb3323f047b73a45388","status":"AWAITING_REQUESTER_ACCEPTANCE","expires_at":1789227847225,"request":{"rfq_id":"rfq-3bfaebb3323f047b73a45388",
[15:44:02]   quote: cuota=1.22 blended=0.820 shares=11.89 total=$9.84
[15:44:02]   ⚖️ ventaja insuficiente: RFQ 1.22 vs mercado ~1.24 = EV -1.6% < 5% exigidos — NO se acepta ($0)
[15:44:02]   ❌ combo: ventaja_-1.6_insuficiente
[15:45:42]   [copy] tope diario de señales (5) alcanzado
[15:48:43]   [copy] tope diario de señales (5) alcanzado
[15:51:43]   [copy] tope diario de señales (5) alcanzado
[15:54:03] [AUTO] pasada (combos RFQ v11)
[15:54:04]   pagina 1: +50 mercados, 0 legs de deportes
[15:54:04]   pagina 2: +50 mercados, 1 legs de deportes
[15:54:05]   pagina 3: +50 mercados, 10 legs de deportes
[15:54:05]   pagina 4: +50 mercados, 48 legs de deportes
[15:54:05]   pagina 5: +50 mercados, 86 legs de deportes
[15:54:05] [COMBO] 2 legs · cuota est. 1.42 · stake $9.23 (AUTO)
[15:54:05]   · Counter-Strike: HOTU vs 100 Thieves (BO3) - Thunderpick  (p=0.74 vol=$288k)
[15:54:05]   · Oregon vs. Oklahoma State (p=0.94 vol=$270k)
[15:54:06]   RFQ create -> 200 {"rfq_id":"rfq-025d53fd60f00a8ed19b43b4","status":"AWAITING_REQUESTER_ACCEPTANCE","expires_at":1789228451603,"request":{"rfq_id":"rfq-025d53fd60f00a8ed19b43b4",
[15:54:06]   quote: cuota=1.54 blended=0.651 shares=13.94 total=$9.23
[15:54:06]   stake AUTO ajustado con cuota real: $9.23 -> $10.0
[15:54:07]   saldo CLOB ok: $214.15 >= $9.23
[15:54:07]   RFQ accept -> 200 {"rfq_id":"rfq-025d53fd60f00a8ed19b43b4","status":"EXECUTING","taker_order_hash":"0x191b62f76e211c9124b21cf838b02d10f9a749782984f9b8213a209570d5411c"}

[15:54:17]   RFQ status final: CONFIRMED tx=0x28014832603bdfeb91e55358
[15:54:17]   ✅ combo OK: {'oid': 'rfq-025d53fd60f00a8ed19b43b4', 'status': 'CONFIRMED', 'cuota': 1.54}
[15:54:48]   [copy] tope diario de señales (5) alcanzado
[15:54:48]   [copy] ronda: 0 señal(es) nueva(s) · 0 compra(s) repetida(s) fusionada(s) · 1 resuelta(s) · dedup 94 fills
[15:57:49]   [copy] tope diario de señales (5) alcanzado
[16:00:49]   [copy] tope diario de señales (5) alcanzado
[16:03:50]   [copy] tope diario de señales (5) alcanzado
[16:04:05] [AUTO] pasada (combos RFQ v11)
[16:04:06]   pagina 1: +50 mercados, 0 legs de deportes
[16:04:06]   pagina 2: +50 mercados, 0 legs de deportes
[16:04:07]   pagina 3: +50 mercados, 6 legs de deportes
[16:04:07]   pagina 4: +50 mercados, 32 legs de deportes
[16:04:07]   pagina 5: +50 mercados, 61 legs de deportes
[16:04:07] [COMBO] 2 legs · cuota est. 1.42 · stake $9.23 (AUTO)
[16:04:07]   · Will FC Barcelona win on 2026-09-13? (p=0.85 vol=$172k)
[16:04:07]   · Will FC Porto win on 2026-09-12? (p=0.82 vol=$109k)
[16:04:08]   RFQ create -> 200 {"rfq_id":"rfq-eaaba10fa306e976e9fb7fdd","status":"AWAITING_REQUESTER_ACCEPTANCE","expires_at":1789229053715,"request":{"rfq_id":"rfq-eaaba10fa306e976e9fb7fdd",
[16:04:08]   quote: cuota=1.37 blended=0.728 shares=12.51 total=$9.23
[16:04:08]   ⚖️ ventaja insuficiente: RFQ 1.37 vs mercado ~1.42 = EV -3.5% < 5% exigidos — NO se acepta ($0)
[16:04:08]   ❌ combo: ventaja_-3.5_insuficiente
[16:05:19] loop err: The read operation timed out
[16:06:54]   [copy] tope diario de señales (5) alcanzado
[16:09:54]   [copy] tope diario de señales (5) alcanzado
[16:12:55]   [copy] tope diario de señales (5) alcanzado
[16:14:10] [AUTO] pasada (combos RFQ v11)
[16:14:11]   pagina 1: +50 mercados, 0 legs de deportes
[16:14:11]   pagina 2: +50 mercados, 0 legs de deportes
[16:14:11]   pagina 3: +50 mercados, 7 legs de deportes
[16:14:12]   pagina 4: +50 mercados, 35 legs de deportes
[16:14:12]   pagina 5: +50 mercados, 68 legs de deportes
[16:14:12] [COMBO] 2 legs · cuota est. 1.42 · stake $9.23 (AUTO)
[16:14:12]   · Will FC Barcelona win on 2026-09-13? (p=0.85 vol=$173k)
[16:14:12]   · Will FC Porto win on 2026-09-12? (p=0.82 vol=$109k)
[16:14:13]   RFQ create -> 200 {"rfq_id":"rfq-fb290e6bcc4f77b9deacbe32","status":"AWAITING_REQUESTER_ACCEPTANCE","expires_at":1789229658417,"request":{"rfq_id":"rfq-fb290e6bcc4f77b9deacbe32",
[16:14:13]   quote: cuota=1.38 blended=0.723 shares=12.59 total=$9.23
[16:14:13]   ⚖️ ventaja insuficiente: RFQ 1.38 vs mercado ~1.42 = EV -2.8% < 5% exigidos — NO se acepta ($0)
[16:14:13]   ❌ combo: ventaja_-2.8_insuficiente
[16:15:58]   [copy] tope diario de señales (5) alcanzado
[16:18:59]   [copy] tope diario de señales (5) alcanzado
[16:21:59]   [copy] tope diario de señales (5) alcanzado
[16:24:14] [AUTO] pasada (combos RFQ v11)
[16:24:15]   pagina 1: +50 mercados, 0 legs de deportes
[16:24:15]   pagina 2: +50 mercados, 0 legs de deportes
[16:24:16]   pagina 3: +50 mercados, 7 legs de deportes
[16:24:16]   pagina 4: +50 mercados, 36 legs de deportes
[16:24:17]   pagina 5: +50 mercados, 67 legs de deportes
[16:24:17] [COMBO] 2 legs · cuota est. 1.42 · stake $9.23 (AUTO)
[16:24:17]   · Will FC Barcelona win on 2026-09-13? (p=0.85 vol=$173k)
[16:24:17]   · Will FC Porto win on 2026-09-12? (p=0.82 vol=$109k)
[16:24:17]   RFQ create -> 200 {"rfq_id":"rfq-eb0bf1dc07503cf8ceae30ad","status":"AWAITING_REQUESTER_ACCEPTANCE","expires_at":1789230262882,"request":{"rfq_id":"rfq-eb0bf1dc07503cf8ceae30ad",
[16:24:17]   quote: cuota=1.39 blended=0.722 shares=12.61 total=$9.23
[16:24:17]   ⚖️ ventaja insuficiente: RFQ 1.39 vs mercado ~1.42 = EV -2.1% < 5% exigidos — NO se acepta ($0)
[16:24:18]   ❌ combo: ventaja_-2.1_insuficiente
[16:25:03]   [copy] tope diario de señales (5) alcanzado
[16:28:04]   [copy] tope diario de señales (5) alcanzado
[16:31:04]   [copy] tope diario de señales (5) alcanzado
[16:34:05]   [copy] tope diario de señales (5) alcanzado
[16:34:15] [AUTO] pasada (combos RFQ v11)
[16:34:15]   pagina 1: +50 mercados, 0 legs de deportes
[16:34:16]   pagina 2: +50 mercados, 1 legs de deportes
[16:34:16]   pagina 3: +50 mercados, 8 legs de deportes
[16:34:16]   pagina 4: +50 mercados, 38 legs de deportes
[16:34:17]   pagina 5: +50 mercados, 67 legs de deportes
[16:34:17] [COMBO] 2 legs · cuota est. 1.49 · stake $9.03 (AUTO)
[16:34:17]   · Will FC Barcelona win on 2026-09-13? (p=0.85 vol=$173k)
[16:34:17]   · Counter-Strike: Nemiga vs Just Players (BO3) - CCT Europ (p=0.79 vol=$113k)
[16:34:18]   RFQ create -> 200 {"rfq_id":"rfq-b6746c1d1fa525adefbe781d","status":"AWAITING_REQUESTER_ACCEPTANCE","expires_at":1789230862957,"request":{"rfq_id":"rfq-b6746c1d1fa525adefbe781d",
[16:34:18]   quote: cuota=1.45 blended=0.688 shares=12.92 total=$9.03
[16:34:18]   ⚖️ ventaja insuficiente: RFQ 1.45 vs mercado ~1.49 = EV -2.7% < 5% exigidos — NO se acepta ($0)
[16:34:18]   ❌ combo: ventaja_-2.7_insuficiente
[16:37:09]   [copy] tope diario de señales (5) alcanzado
[16:43:11]   [copy] tope diario de señales (5) alcanzado
[16:44:16] [AUTO] pasada (combos RFQ v11)
[16:44:16]   pagina 1: +50 mercados, 0 legs de deportes
[16:44:17]   pagina 2: +50 mercados, 1 legs de deportes
[16:44:17]   pagina 3: +50 mercados, 9 legs de deportes
[16:44:17]   pagina 4: +50 mercados, 39 legs de deportes
[16:44:18]   pagina 5: +50 mercados, 68 legs de deportes
[16:44:18] [COMBO] 2 legs · cuota est. 1.42 · stake $9.23 (AUTO)
[16:44:18]   · Will FC Barcelona win on 2026-09-13? (p=0.85 vol=$173k)
[16:44:18]   · Will FC Porto win on 2026-09-12? (p=0.82 vol=$116k)
[16:44:19]   RFQ create -> 200 {"rfq_id":"rfq-da6dedb7530d5e955e0b7331","status":"AWAITING_REQUESTER_ACCEPTANCE","expires_at":1789231464273,"request":{"rfq_id":"rfq-da6dedb7530d5e955e0b7331",
[16:44:19]   quote: cuota=1.39 blended=0.718 shares=12.68 total=$9.23
[16:44:19]   ⚖️ ventaja insuficiente: RFQ 1.39 vs mercado ~1.42 = EV -2.1% < 5% exigidos — NO se acepta ($0)
[16:44:19]   ❌ combo: ventaja_-2.1_insuficiente
[16:52:17]   [copy] tope diario de señales (5) alcanzado
[16:54:17] [AUTO] pasada (combos RFQ v11)
[16:54:18]   pagina 1: +50 mercados, 0 legs de deportes
[16:54:18]   pagina 2: +50 mercados, 1 legs de deportes
[16:54:18]   pagina 3: +50 mercados, 8 legs de deportes
[16:54:19]   pagina 4: +50 mercados, 37 legs de deportes
[16:54:19]   pagina 5: +50 mercados, 64 legs de deportes
[16:54:19] [COMBO] 2 legs · cuota est. 1.46 · stake $9.11 (AUTO)
[16:54:19]   · SS Lazio vs. AC Milan: O/U 2.5 (p=0.80 vol=$219k)
[16:54:19]   · Will FC Barcelona win on 2026-09-13? (p=0.85 vol=$173k)
[16:54:20]   RFQ create -> 200 {"rfq_id":"rfq-21369df23f6ecf0e426070ec","status":"AWAITING_REQUESTER_ACCEPTANCE","expires_at":1789232065521,"request":{"rfq_id":"rfq-21369df23f6ecf0e426070ec",
[16:54:20]   quote: cuota=1.45 blended=0.688 shares=13.04 total=$9.11
[16:54:20]   ⚖️ ventaja insuficiente: RFQ 1.45 vs mercado ~1.46 = EV -0.7% < 5% exigidos — NO se acepta ($0)
[16:54:20]   ❌ combo: ventaja_-0.7_insuficiente
[16:55:20]   [copy] tope diario de señales (5) alcanzado
[16:58:21]   [copy] tope diario de señales (5) alcanzado
[17:01:21]   [copy] tope diario de señales (5) alcanzado
[17:04:22] [AUTO] pasada (combos RFQ v11)
[17:04:22]   pagina 1: +50 mercados, 0 legs de deportes
[17:04:22]   pagina 2: +50 mercados, 1 legs de deportes
[17:04:23]   pagina 3: +50 mercados, 8 legs de deportes
[17:04:23]   pagina 4: +50 mercados, 38 legs de deportes
[17:04:23]   pagina 5: +50 mercados, 67 legs de deportes
[17:04:23] [COMBO] 2 legs · cuota est. 1.49 · stake $9.03 (AUTO)
[17:04:23]   · SS Lazio vs. AC Milan: O/U 2.5 (p=0.79 vol=$224k)
[17:04:23]   · Will FC Barcelona win on 2026-09-13? (p=0.85 vol=$173k)
[17:04:24]   RFQ create -> 200 {"rfq_id":"rfq-036e45b9551100e3a53fb75e","status":"AWAITING_REQUESTER_ACCEPTANCE","expires_at":1789232669783,"request":{"rfq_id":"rfq-036e45b9551100e3a53fb75e",
[17:04:24]   quote: cuota=1.44 blended=0.692 shares=12.85 total=$9.03
[17:04:24]   ⚖️ ventaja insuficiente: RFQ 1.44 vs mercado ~1.49 = EV -3.4% < 5% exigidos — NO se acepta ($0)
[17:04:24]   ❌ combo: ventaja_-3.4_insuficiente
[17:04:25]   [copy] tope diario de señales (5) alcanzado
[17:07:25]   [copy] tope diario de señales (5) alcanzado
[17:10:26]   [copy] tope diario de señales (5) alcanzado
[17:13:27]   [copy] tope diario de señales (5) alcanzado
[17:13:50] loop err: The read operation timed out
[17:14:22] [AUTO] pasada (combos RFQ v11)
[17:14:22]   pagina 1: +50 mercados, 0 legs de deportes
[17:14:23]   pagina 2: +50 mercados, 1 legs de deportes
[17:14:23]   pagina 3: +50 mercados, 8 legs de deportes
[17:14:24]   pagina 4: +50 mercados, 40 legs de deportes
[17:14:24]   pagina 5: +50 mercados, 67 legs de deportes
[17:14:24] [COMBO] 2 legs · cuota est. 1.52 · stake $8.95 (AUTO)
[17:14:24]   · SS Lazio vs. AC Milan: O/U 2.5 (p=0.77 vol=$224k)
[17:14:24]   · Will FC Barcelona win on 2026-09-13? (p=0.85 vol=$173k)
[17:14:25]   RFQ create -> 200 {"rfq_id":"rfq-4c717b4c785f696ed82f574e","status":"AWAITING_REQUESTER_ACCEPTANCE","expires_at":1789233270287,"request":{"rfq_id":"rfq-4c717b4c785f696ed82f574e",
[17:14:25]   quote: cuota=1.56 blended=0.643 shares=13.68 total=$8.95
[17:14:25]   ⚖️ ventaja insuficiente: RFQ 1.56 vs mercado ~1.52 = EV +2.6% < 5% exigidos — NO se acepta ($0)
[17:14:25]   ❌ combo: ventaja_+2.6_insuficiente
[17:18:01] loop err: The read operation timed out
[17:19:32]   [copy] señal TARDÍA Will Go Ahead Eagles win on 2026-09-12?: él 0.580 → ahora 0.755 (+17.5 pts) · no cuenta
[17:24:23] [AUTO] pasada (combos RFQ v11)
[17:24:23]   pagina 1: +50 mercados, 0 legs de deportes
[17:24:24]   pagina 2: +50 mercados, 1 legs de deportes
[17:24:24]   pagina 3: +50 mercados, 8 legs de deportes
[17:24:24]   pagina 4: +50 mercados, 38 legs de deportes
[17:24:25]   pagina 5: +50 mercados, 65 legs de deportes
[17:24:25] [COMBO] 2 legs · cuota est. 1.37 · stake $9.38 (AUTO)
[17:24:25]   · Will FC Barcelona win on 2026-09-13? (p=0.85 vol=$173k)
[17:24:25]   · Will SS Lazio win on 2026-09-12? (p=0.85 vol=$130k)
[17:24:26]   RFQ create -> 200 {"rfq_id":"rfq-bc81669312b8afdae6373963","status":"AWAITING_REQUESTER_ACCEPTANCE","expires_at":1789233871244,"request":{"rfq_id":"rfq-bc81669312b8afdae6373963",
[17:24:26]   quote: cuota=1.31 blended=0.765 shares=12.13 total=$9.38
[17:24:26]   ⚖️ ventaja insuficiente: RFQ 1.31 vs mercado ~1.37 = EV -4.4% < 5% exigidos — NO se acepta ($0)
[17:24:26]   ❌ combo: ventaja_-4.4_insuficiente
[17:25:36]   [copy] tope diario de señales (5) alcanzado
[17:34:24] [AUTO] pasada (combos RFQ v11)
[17:34:25]   pagina 1: +50 mercados, 0 legs de deportes
[17:34:26]   pagina 2: +50 mercados, 1 legs de deportes
[17:34:26]   pagina 3: +50 mercados, 9 legs de deportes
[17:34:26]   pagina 4: +50 mercados, 38 legs de deportes
[17:34:27]   pagina 5: +50 mercados, 65 legs de deportes
[17:34:27] [COMBO] 2 legs · cuota est. 1.53 · stake $8.92 (AUTO)
[17:34:27]   · Will FC Barcelona win on 2026-09-13? (p=0.85 vol=$173k)
[17:34:27]   · Wake Forest vs. Purdue (p=0.77 vol=$147k)
[17:34:28]   RFQ create -> 200 {"rfq_id":"rfq-2c5bd0129ebec3bc08feab2c","status":"AWAITING_REQUESTER_ACCEPTANCE","expires_at":1789234473212,"request":{"rfq_id":"rfq-2c5bd0129ebec3bc08feab2c",
[17:34:28]   quote: cuota=1.5 blended=0.667 shares=13.15 total=$8.92
[17:34:28]   ⚖️ ventaja insuficiente: RFQ 1.5 vs mercado ~1.53 = EV -2.0% < 5% exigidos — NO se acepta ($0)
[17:34:28]   ❌ combo: ventaja_-2.0_insuficiente
[17:40:41]   [copy] tope diario de señales (5) alcanzado
[17:44:28] [AUTO] pasada (combos RFQ v11)
[17:44:28]   pagina 1: +50 mercados, 0 legs de deportes
[17:44:28]   pagina 2: +50 mercados, 1 legs de deportes
[17:44:29]   pagina 3: +50 mercados, 9 legs de deportes
[17:44:29]   pagina 4: +50 mercados, 38 legs de deportes
[17:44:29]   pagina 5: +50 mercados, 68 legs de deportes
[17:44:29] [COMBO] 2 legs · cuota est. 1.53 · stake $8.92 (AUTO)
[17:44:29]   · Will FC Barcelona win on 2026-09-13? (p=0.85 vol=$173k)
[17:44:29]   · Wake Forest vs. Purdue (p=0.77 vol=$153k)
[17:44:30]   RFQ create -> 200 {"rfq_id":"rfq-6a83ecfa73f5f73edea549eb","status":"AWAITING_REQUESTER_ACCEPTANCE","expires_at":1789235075618,"request":{"rfq_id":"rfq-6a83ecfa73f5f73edea549eb",
[17:44:30]   quote: cuota=1.48 blended=0.675 shares=13.00 total=$8.92
[17:44:30]   ⚖️ ventaja insuficiente: RFQ 1.48 vs mercado ~1.53 = EV -3.3% < 5% exigidos — NO se acepta ($0)
[17:44:30]   ❌ combo: ventaja_-3.3_insuficiente
[17:52:48]   [copy] tope diario de señales (5) alcanzado
[17:54:28] [AUTO] pasada (combos RFQ v11)
[17:54:28]   pagina 1: +50 mercados, 0 legs de deportes
[17:54:29]   pagina 2: +50 mercados, 1 legs de deportes
[17:54:29]   pagina 3: +50 mercados, 8 legs de deportes
[17:54:30]   pagina 4: +50 mercados, 37 legs de deportes
[17:54:30]   pagina 5: +50 mercados, 67 legs de deportes
[17:54:30] [COMBO] 2 legs · cuota est. 1.42 · stake $9.23 (AUTO)
[17:54:30]   · Will FC Barcelona win on 2026-09-13? (p=0.85 vol=$173k)
[17:54:30]   · Wake Forest vs. Purdue (p=0.82 vol=$153k)
[17:54:31]   RFQ create -> 200 {"rfq_id":"rfq-6eb033ec30506d04e23217b0","status":"AWAITING_REQUESTER_ACCEPTANCE","expires_at":1789235676262,"request":{"rfq_id":"rfq-6eb033ec30506d04e23217b0",
[17:54:31]   quote: cuota=1.39 blended=0.718 shares=12.68 total=$9.23
[17:54:31]   ⚖️ ventaja insuficiente: RFQ 1.39 vs mercado ~1.42 = EV -2.1% < 5% exigidos — NO se acepta ($0)
[17:54:31]   ❌ combo: ventaja_-2.1_insuficiente
[17:55:51]   [copy] tope diario de señales (5) alcanzado
[18:00:12] loop err: The read operation timed out
[18:01:53]   [copy] tope diario de señales (5) alcanzado
[18:04:28] [AUTO] pasada (combos RFQ v11)
[18:04:29]   pagina 1: +50 mercados, 0 legs de deportes
[18:04:29]   pagina 2: +50 mercados, 1 legs de deportes
[18:04:29]   pagina 3: +50 mercados, 8 legs de deportes
[18:04:30]   pagina 4: +50 mercados, 40 legs de deportes
[18:04:30]   pagina 5: +50 mercados, 72 legs de deportes
[18:04:30] [COMBO] 2 legs · cuota est. 1.52 · stake $8.95 (AUTO)
[18:04:30]   · Counter-Strike: Heroic vs 1WIN (BO3) - Thunderpick World (p=0.77 vol=$239k)
[18:04:30]   · Will FC Barcelona win on 2026-09-13? (p=0.85 vol=$174k)
[18:04:31]   RFQ create -> 200 {"rfq_id":"rfq-d1fdf4906e1c1a018449cf4f","status":"AWAITING_REQUESTER_ACCEPTANCE","expires_at":1789236276373,"request":{"rfq_id":"rfq-d1fdf4906e1c1a018449cf4f",
[18:04:31]   quote: cuota=1.44 blended=0.693 shares=12.72 total=$8.95
[18:04:31]   ⚖️ ventaja insuficiente: RFQ 1.44 vs mercado ~1.52 = EV -5.3% < 5% exigidos — NO se acepta ($0)
[18:04:31]   ❌ combo: ventaja_-5.3_insuficiente
[18:04:57]   [copy] tope diario de señales (5) alcanzado
[18:07:57]   [copy] tope diario de señales (5) alcanzado
[18:07:58]   [copy] ronda: 0 señal(es) nueva(s) · 0 compra(s) repetida(s) fusionada(s) · 1 resuelta(s) · dedup 125 fills
[18:08:18]   verdad: 28 cobros REDEEM>0 por token + 80 por título (80 registros)
[18:08:29]   💰 pre-flight redeem: NO puede · revert: sólo la cuenta de Polymarket 0xac9930b2…5294 puede ejecutar redeem()
[18:08:30] telegram_api error: HTTP Error 400: Bad Request
[18:08:30]   💰 /reclamar: 4 sin cobrar ($82.98) · revisadas 29
[18:10:58]   [copy] tope diario de señales (5) alcanzado
[18:13:59]   [copy] tope diario de señales (5) alcanzado
[18:14:29] [AUTO] pasada (combos RFQ v11)
[18:14:30]   pagina 1: +50 mercados, 0 legs de deportes
[18:14:30]   pagina 2: +50 mercados, 1 legs de deportes
[18:14:31]   pagina 3: +50 mercados, 9 legs de deportes
[18:14:31]   pagina 4: +50 mercados, 41 legs de deportes
[18:14:31]   pagina 5: +50 mercados, 72 legs de deportes
[18:14:31] [COMBO] 2 legs · cuota est. 1.51 · stake $8.97 (AUTO)
[18:14:31]   · Counter-Strike: Heroic vs 1WIN (BO3) - Thunderpick World (p=0.78 vol=$243k)
[18:14:31]   · Will FC Barcelona win on 2026-09-13? (p=0.85 vol=$174k)
[18:14:32]   RFQ create -> 200 {"rfq_id":"rfq-58fd5b30c040cbe91a4b8c43","status":"AWAITING_REQUESTER_ACCEPTANCE","expires_at":1789236877767,"request":{"rfq_id":"rfq-58fd5b30c040cbe91a4b8c43",
[18:14:32]   quote: cuota=1.44 blended=0.693 shares=12.75 total=$8.97
[18:14:32]   ⚖️ ventaja insuficiente: RFQ 1.44 vs mercado ~1.51 = EV -4.6% < 5% exigidos — NO se acepta ($0)
[18:14:32]   ❌ combo: ventaja_-4.6_insuficiente
[18:17:03]   [copy] tope diario de señales (5) alcanzado
[18:17:09]   v12.8.3: 482 fills reales de la wallet (evidencia de cadena)
[18:17:16]   [auditoria:auto] APLICADA reabiertas=0 corregidas=0 confirmadas=52 manuales=0 nuevas=2 sin_datos=0 · PnL archivadas +22.17→+3.85
[18:20:07]   [copy] tope diario de señales (5) alcanzado
[18:23:08]   [copy] tope diario de señales (5) alcanzado
[18:24:33] [AUTO] pasada (combos RFQ v11)
[18:24:34]   pagina 1: +50 mercados, 0 legs de deportes
[18:24:34]   pagina 2: +50 mercados, 1 legs de deportes
[18:24:34]   pagina 3: +50 mercados, 10 legs de deportes
[18:24:35]   pagina 4: +50 mercados, 44 legs de deportes
[18:24:35]   pagina 5: +50 mercados, 76 legs de deportes
[18:24:35] [COMBO] 2 legs · cuota est. 1.49 · stake $9.03 (AUTO)
[18:24:35]   · Counter-Strike: Heroic vs 1WIN (BO3) - Thunderpick World (p=0.79 vol=$243k)
[18:24:35]   · Will FC Barcelona win on 2026-09-13? (p=0.85 vol=$174k)
[18:25:06]   RFQ create -> 200 {"rfq_id":"rfq-fdf4617c71c88e32f1238137","status":"AWAITING_REQUESTER_ACCEPTANCE","expires_at":1789237511554,"request":{"rfq_id":"rfq-fdf4617c71c88e32f1238137",
[18:25:06]   quote: cuota=1.56 blended=0.641 shares=13.83 total=$9.03
[18:25:06]   ⚖️ ventaja insuficiente: RFQ 1.56 vs mercado ~1.49 = EV +4.7% < 5% exigidos — NO se acepta ($0)
[18:25:06]   ❌ combo: ventaja_+4.7_insuficiente
[18:26:12]   [copy] tope diario de señales (5) alcanzado
[18:29:12]   [copy] tope diario de señales (5) alcanzado
[18:32:13]   [copy] tope diario de señales (5) alcanzado
[18:34:33] [AUTO] pasada (combos RFQ v11)
[18:34:34]   pagina 1: +50 mercados, 0 legs de deportes
[18:34:34]   pagina 2: +50 mercados, 1 legs de deportes
[18:34:35]   pagina 3: +50 mercados, 9 legs de deportes
[18:34:35]   pagina 4: +50 mercados, 34 legs de deportes
[18:34:35]   pagina 5: +50 mercados, 62 legs de deportes
[18:34:35] [COMBO] 2 legs · cuota est. 1.45 · stake $9.14 (AUTO)
[18:34:35]   · Genoa: Laslo Djere vs Pedro Martinez (p=0.81 vol=$186k)
[18:34:35]   · Will FC Barcelona win on 2026-09-13? (p=0.85 vol=$174k)
[18:34:36]   RFQ create -> 200 {"rfq_id":"rfq-1e508832140aafacd922f93c","status":"AWAITING_REQUESTER_ACCEPTANCE","expires_at":1789238081691,"request":{"rfq_id":"rfq-1e508832140aafacd922f93c",
[18:34:36]   quote: cuota=1.58 blended=0.633 shares=14.18 total=$9.14
[18:34:36]   stake AUTO ajustado con cuota real: $9.14 -> $10.0
[18:34:37]   saldo CLOB ok: $204.92 >= $9.14
[18:34:37]   RFQ accept -> 200 {"rfq_id":"rfq-1e508832140aafacd922f93c","status":"EXECUTING","taker_order_hash":"0xbe4fc5e6fd0c9a19573e696fb8d283fc4d446149a7e9fcf623f01af69ec55147"}

[18:34:48]   RFQ status final: CONFIRMED tx=0x0371931b7356708f6bb42f35
[18:34:48]   ✅ combo OK: {'oid': 'rfq-1e508832140aafacd922f93c', 'status': 'CONFIRMED', 'cuota': 1.58}
[18:35:18]   [copy] tope diario de señales (5) alcanzado
[18:38:19]   [copy] tope diario de señales (5) alcanzado
[18:41:20]   [copy] tope diario de señales (5) alcanzado
[18:44:21]   [copy] tope diario de señales (5) alcanzado
[18:44:36] [AUTO] pasada (combos RFQ v11)
[18:44:36]   pagina 1: +50 mercados, 0 legs de deportes
[18:44:36]   pagina 2: +50 mercados, 1 legs de deportes
[18:44:37]   pagina 3: +50 mercados, 10 legs de deportes
[18:44:37]   pagina 4: +50 mercados, 36 legs de deportes
[18:44:38]   pagina 5: +50 mercados, 69 legs de deportes
[18:44:38] [COMBO] 2 legs · cuota est. 1.36 · stake $9.41 (AUTO)
[18:44:38]   · Wake Forest vs. Purdue (p=0.91 vol=$224k)
[18:44:38]   · New York Mets vs. New York Yankees (p=0.81 vol=$156k)
[18:44:38]   RFQ create -> 200 {"rfq_id":"rfq-a3fbba33d0c1e6c2d8d8f674","status":"AWAITING_REQUESTER_ACCEPTANCE","expires_at":1789238683885,"request":{"rfq_id":"rfq-a3fbba33d0c1e6c2d8d8f674",
[18:44:38]   quote: cuota=1.22 blended=0.822 shares=11.34 total=$9.41
[18:44:38]   ⚖️ ventaja insuficiente: RFQ 1.22 vs mercado ~1.36 = EV -10.3% < 5% exigidos — NO se acepta ($0)
[18:44:39]   ❌ combo: ventaja_-10.3_insuficiente
[18:45:20]   verdad: 28 cobros REDEEM>0 por token + 80 por título (80 registros)
[18:45:34] telegram_api error: HTTP Error 400: Bad Request
[18:45:34]   💰 /reclamar: 4 sin cobrar ($82.98) · revisadas 30
[18:46:34] loop err: The read operation timed out
[18:47:24]   [copy] tope diario de señales (5) alcanzado
[18:50:25]   [copy] tope diario de señales (5) alcanzado
[18:53:26]   [copy] tope diario de señales (5) alcanzado
[18:54:36] [AUTO] pasada (combos RFQ v11)
[18:54:37]   pagina 1: +50 mercados, 0 legs de deportes
[18:54:37]   pagina 2: +50 mercados, 1 legs de deportes
[18:54:37]   pagina 3: +50 mercados, 10 legs de deportes
[18:54:38]   pagina 4: +50 mercados, 39 legs de deportes
[18:54:38]   pagina 5: +50 mercados, 79 legs de deportes
[18:54:38] [COMBO] 2 legs · cuota est. 1.4 · stake $9.29 (AUTO)
[18:54:38]   · Will Real Madrid CF win on 2026-09-12? (p=0.85 vol=$722k)
[18:54:38]   · Wake Forest vs. Purdue (p=0.83 vol=$224k)
[18:54:39]   RFQ create -> 200 {"rfq_id":"rfq-41c5c45cd428b85e711f0c91","status":"AWAITING_REQUESTER_ACCEPTANCE","expires_at":1789239284409,"request":{"rfq_id":"rfq-41c5c45cd428b85e711f0c91",
[18:54:39]   quote: cuota=1.89 blended=0.528 shares=17.19 total=$9.29
[18:54:39]   stake AUTO ajustado con cuota real: $9.29 -> $10.0
[18:54:39]   saldo CLOB ok: $195.78 >= $9.29
[18:54:40]   RFQ accept -> 200 {"rfq_id":"rfq-41c5c45cd428b85e711f0c91","status":"EXECUTING","taker_order_hash":"0x54c782cf2d81151cf64988564647e6b55d3ccfd0e363f8d15898a20d6db440e0"}

[18:54:50]   RFQ status final: CONFIRMED tx=0x270621dd0ea9d5567031a533
[18:54:50]   ✅ combo OK: {'oid': 'rfq-41c5c45cd428b85e711f0c91', 'status': 'CONFIRMED', 'cuota': 1.89}
[18:56:26]   [copy] tope diario de señales (5) alcanzado
[18:59:27]   [copy] tope diario de señales (5) alcanzado
[19:02:28]   [copy] tope diario de señales (5) alcanzado
[19:04:38] [AUTO] pasada (combos RFQ v11)
[19:04:39]   pagina 1: +50 mercados, 1 legs de deportes
[19:04:39]   pagina 2: +50 mercados, 2 legs de deportes
[19:04:39]   pagina 3: +50 mercados, 11 legs de deportes
[19:04:40]   pagina 4: +50 mercados, 45 legs de deportes
[19:04:40]   pagina 5: +50 mercados, 88 legs de deportes
[19:04:40] [COMBO] 2 legs · cuota est. 1.31 · stake $9.58 (AUTO)
[19:04:40]   · New York Mets vs. New York Yankees (p=0.90 vol=$173k)
[19:04:40]   · LoL: LOS vs FURIA Esports (BO5) - CBLOL Playoffs (p=0.85 vol=$147k)
[19:04:41]   RFQ create -> 200 {"rfq_id":"rfq-200b958e20b4725306f96e27","status":"AWAITING_REQUESTER_ACCEPTANCE","expires_at":1789239886485,"request":{"rfq_id":"rfq-200b958e20b4725306f96e27",
[19:04:41]   quote: cuota=1.18 blended=0.844 shares=11.26 total=$9.58
[19:04:41]   NO acepto: cuota real 1.18 fuera de [1.2-2.5]
[19:04:41]   ❌ combo: cuota_real_1.18_fuera
[19:05:32]   [copy] tope diario de señales (5) alcanzado
[19:08:33]   [copy] tope diario de señales (5) alcanzado
[19:11:33]   [copy] tope diario de señales (5) alcanzado
[19:14:40] [AUTO] pasada (combos RFQ v11)
[19:14:40]   pagina 1: +50 mercados, 1 legs de deportes
[19:14:40]   pagina 2: +50 mercados, 3 legs de deportes
[19:14:41]   pagina 3: +50 mercados, 11 legs de deportes
[19:14:41]   pagina 4: +50 mercados, 46 legs de deportes
[19:14:42]   pagina 5: +50 mercados, 89 legs de deportes
[19:14:42] [COMBO] 2 legs · cuota est. 1.23 · stake $9.88 (AUTO)
[19:14:42]   · New York Mets vs. New York Yankees (p=0.90 vol=$186k)
[19:14:42]   · LoL: LOS vs FURIA Esports (BO5) - CBLOL Playoffs (p=0.91 vol=$149k)
[19:14:43]   RFQ create -> 200 {"rfq_id":"rfq-a100abfe8a2003d6a052cf1f","status":"AWAITING_REQUESTER_ACCEPTANCE","expires_at":1789240487966,"request":{"rfq_id":"rfq-a100abfe8a2003d6a052cf1f",
[19:14:43]   quote: cuota=1.14 blended=0.876 shares=11.21 total=$9.88
[19:14:43]   NO acepto: cuota real 1.14 fuera de [1.2-2.5]
[19:14:43]   ❌ combo: cuota_real_1.14_fuera
[19:17:38]   [copy] tope diario de señales (5) alcanzado
[19:20:39]   [copy] tope diario de señales (5) alcanzado
[19:23:13] loop err: The read operation timed out
[19:23:40]   [copy] tope diario de señales (5) alcanzado
[19:24:40] [AUTO] pasada (combos RFQ v11)
[19:24:40]   pagina 1: +50 mercados, 1 legs de deportes
[19:24:41]   pagina 2: +50 mercados, 3 legs de deportes
[19:24:41]   pagina 3: +50 mercados, 12 legs de deportes
[19:24:42]   pagina 4: +50 mercados, 44 legs de deportes
[19:24:42]   pagina 5: +50 mercados, 86 legs de deportes
[19:24:42] [COMBO] 2 legs · cuota est. 1.44 · stake $9.17 (AUTO)
[19:24:42]   · Colorado Rockies vs. Detroit Tigers (p=0.80 vol=$235k)
[19:24:42]   · New York Mets vs. New York Yankees (p=0.88 vol=$186k)
[19:24:43]   RFQ create -> 200 {"rfq_id":"rfq-31065cda768104bd965f7b7a","status":"AWAITING_REQUESTER_ACCEPTANCE","expires_at":1789241088313,"request":{"rfq_id":"rfq-31065cda768104bd965f7b7a",
[19:24:43]   quote: cuota=1.32 blended=0.756 shares=11.99 total=$9.17
[19:24:43]   ⚖️ ventaja insuficiente: RFQ 1.32 vs mercado ~1.44 = EV -8.3% < 5% exigidos — NO se acepta ($0)
[19:25:13]   ❌ combo: ventaja_-8.3_insuficiente
[19:26:44]   [copy] tope diario de señales (5) alcanzado
[19:29:44]   [copy] tope diario de señales (5) alcanzado
[19:32:45]   [copy] tope diario de señales (5) alcanzado
[19:34:40] [AUTO] pasada (combos RFQ v11)
[19:34:41]   pagina 1: +50 mercados, 1 legs de deportes
[19:34:41]   pagina 2: +50 mercados, 2 legs de deportes
[19:34:42]   pagina 3: +50 mercados, 10 legs de deportes
[19:34:42]   pagina 4: +50 mercados, 40 legs de deportes
[19:34:42]   pagina 5: +50 mercados, 79 legs de deportes
[19:34:42] [COMBO] 2 legs · cuota est. 1.31 · stake $9.58 (AUTO)
[19:34:42]   · Colorado Rockies vs. Detroit Tigers (p=0.81 vol=$286k)
[19:34:42]   · New York Mets vs. New York Yankees (p=0.94 vol=$207k)
[19:34:43]   RFQ create -> 200 {"rfq_id":"rfq-5c7487c977d06aa881477afd","status":"AWAITING_REQUESTER_ACCEPTANCE","expires_at":1789241688599,"request":{"rfq_id":"rfq-5c7487c977d06aa881477afd",
[19:34:43]   quote: cuota=1.53 blended=0.655 shares=14.38 total=$9.58
[19:34:43]   stake AUTO ajustado con cuota real: $9.58 -> $10.0
[19:34:44]   saldo CLOB ok: $186.49 >= $9.58
[19:34:44]   RFQ accept -> 200 {"rfq_id":"rfq-5c7487c977d06aa881477afd","status":"FAILED","taker_order_hash":"0x336283cff93e4f4a4b92adc96138c227690dc114764d06fd0896ad2585266cb0","error":{"cod
[19:34:44]   ❌ combo: accept_MAKER_DECLINED
[19:35:00]   verdad: 28 cobros REDEEM>0 por token + 80 por título (80 registros)
[19:35:12] telegram_api error: HTTP Error 400: Bad Request
[19:35:12]   💰 /reclamar: 4 sin cobrar ($82.98) · revisadas 31
[19:35:49]   [copy] tope diario de señales (5) alcanzado
[19:37:50] loop err: The read operation timed out
[19:38:50]   [copy] tope diario de señales (5) alcanzado
[19:41:06] loop err: The read operation timed out
[19:41:51]   [copy] tope diario de señales (5) alcanzado
[19:44:41] [AUTO] pasada (combos RFQ v11)
[19:44:42]   pagina 1: +50 mercados, 1 legs de deportes
[19:44:42]   pagina 2: +50 mercados, 2 legs de deportes
[19:44:42]   pagina 3: +50 mercados, 10 legs de deportes
[19:44:43]   pagina 4: +50 mercados, 42 legs de deportes
[19:44:43]   pagina 5: +50 mercados, 82 legs de deportes
[19:44:43] [COMBO] 2 legs · cuota est. 1.4 · stake $9.29 (AUTO)
[19:44:43]   · Colorado Rockies vs. Detroit Tigers (p=0.76 vol=$305k)
[19:44:43]   · New York Mets vs. New York Yankees (p=0.94 vol=$228k)
[19:44:44]   RFQ create -> 200 {"rfq_id":"rfq-59adf4b3ee4c82d5986c2ee4","status":"AWAITING_REQUESTER_ACCEPTANCE","expires_at":1789242289680,"request":{"rfq_id":"rfq-59adf4b3ee4c82d5986c2ee4",
[19:44:44]   quote: cuota=1.22 blended=0.820 shares=11.23 total=$9.29
[19:44:44]   ⚖️ ventaja insuficiente: RFQ 1.22 vs mercado ~1.4 = EV -12.9% < 5% exigidos — NO se acepta ($0)
[19:44:44]   ❌ combo: ventaja_-12.9_insuficiente
[19:44:55]   [copy] tope diario de señales (5) alcanzado
[19:47:56]   [copy] tope diario de señales (5) alcanzado
[19:50:56]   [copy] tope diario de señales (5) alcanzado
[19:53:57]   [copy] tope diario de señales (5) alcanzado
[19:54:42] [AUTO] pasada (combos RFQ v11)
[19:54:43]   pagina 1: +50 mercados, 1 legs de deportes
[19:54:43]   pagina 2: +50 mercados, 1 legs de deportes
[19:54:44]   pagina 3: +50 mercados, 8 legs de deportes
[19:54:44]   pagina 4: +50 mercados, 39 legs de deportes
[19:54:44]   pagina 5: +50 mercados, 75 legs de deportes
[19:54:44] [COMBO] 2 legs · cuota est. 1.3 · stake $9.62 (AUTO)
[19:54:44]   · Colorado Rockies vs. Detroit Tigers (p=0.85 vol=$305k)
[19:54:44]   · Real Madrid CF vs. Rayo Vallecano de Madrid: O/U 3.5 (p=0.91 vol=$84k)
[19:54:45]   RFQ create -> 200 {"rfq_id":"rfq-34d4de485ebf19810fd16ce9","status":"AWAITING_REQUESTER_ACCEPTANCE","expires_at":1789242890779,"request":{"rfq_id":"rfq-34d4de485ebf19810fd16ce9",
[19:54:45]   quote: cuota=1.19 blended=0.841 shares=11.35 total=$9.62
[19:54:45]   NO acepto: cuota real 1.19 fuera de [1.2-2.5]
[19:54:46]   ❌ combo: cuota_real_1.19_fuera
[19:57:01]   [copy] tope diario de señales (5) alcanzado
[20:00:02]   [copy] tope diario de señales (5) alcanzado
[20:03:02]   [copy] tope diario de señales (5) alcanzado
[20:04:47] [AUTO] pasada (combos RFQ v11)
[20:04:48]   pagina 1: +50 mercados, 1 legs de deportes
[20:04:48]   pagina 2: +50 mercados, 1 legs de deportes
[20:04:48]   pagina 3: +50 mercados, 7 legs de deportes
[20:04:49]   pagina 4: +50 mercados, 38 legs de deportes
[20:04:49]   pagina 5: +50 mercados, 76 legs de deportes
[20:04:49] [COMBO] 2 legs · cuota est. 1.45 · stake $9.14 (AUTO)
[20:04:49]   · Counter-Strike: Heroic vs 1WIN (BO3) - Thunderpick World (p=0.83 vol=$336k)
[20:04:49]   · LoL: Cloud9 vs Shopify Rebellion (BO5) - LCS Playoffs (p=0.83 vol=$246k)
[20:04:50]   RFQ create -> 200 {"rfq_id":"rfq-d25966857e17a75711e92bff","status":"AWAITING_REQUESTER_ACCEPTANCE","expires_at":1789243495367,"request":{"rfq_id":"rfq-d25966857e17a75711e92bff",
[20:04:50]   quote: cuota=1.6 blended=0.626 shares=14.32 total=$9.14
[20:04:50]   stake AUTO ajustado con cuota real: $9.14 -> $10.0
[20:04:50]   saldo CLOB ok: $186.49 >= $9.14
[20:04:51]   RFQ accept -> 200 {"rfq_id":"rfq-d25966857e17a75711e92bff","status":"EXECUTING","taker_order_hash":"0xe975b941acfac30bcb9a242db91e2e1346c47be37fef6abc3b76a06ddd0b39f6"}

[20:05:01]   RFQ status final: CONFIRMED tx=0xc0693456e79c169ee55ae459
[20:05:01]   ✅ combo OK: {'oid': 'rfq-d25966857e17a75711e92bff', 'status': 'CONFIRMED', 'cuota': 1.6}
[20:06:07]   [copy] tope diario de señales (5) alcanzado
[20:09:08]   [copy] tope diario de señales (5) alcanzado
[20:12:08]   [copy] tope diario de señales (5) alcanzado
[20:14:49] [AUTO] pasada (combos RFQ v11)
[20:14:49]   pagina 1: +50 mercados, 1 legs de deportes
[20:14:49]   pagina 2: +50 mercados, 1 legs de deportes
[20:14:50]   pagina 3: +50 mercados, 9 legs de deportes
[20:14:50]   pagina 4: +50 mercados, 37 legs de deportes
[20:14:51]   pagina 5: +50 mercados, 77 legs de deportes
[20:14:51] [COMBO] 2 legs · cuota est. 1.51 · stake $8.97 (AUTO)
[20:14:51]   · Alabama vs. Kentucky (p=0.73 vol=$263k)
[20:14:51]   · Real Madrid CF vs. Rayo Vallecano de Madrid: O/U 3.5 (p=0.90 vol=$105k)
[20:14:52]   RFQ create -> 200 {"rfq_id":"rfq-3e2dc70b84eaa519312b79b1","status":"AWAITING_REQUESTER_ACCEPTANCE","expires_at":1789244097119,"request":{"rfq_id":"rfq-3e2dc70b84eaa519312b79b1",
[20:14:52]   quote: cuota=1.35 blended=0.739 shares=11.98 total=$8.97
[20:14:52]   ⚖️ ventaja insuficiente: RFQ 1.35 vs mercado ~1.51 = EV -10.6% < 5% exigidos — NO se acepta ($0)
[20:14:52]   ❌ combo: ventaja_-10.6_insuficiente
[20:18:14]   [copy] tope diario de señales (5) alcanzado
[20:21:15]   [copy] tope diario de señales (5) alcanzado
[20:24:15]   [copy] tope diario de señales (5) alcanzado
[20:24:50] [AUTO] pasada (combos RFQ v11)
[20:24:51]   pagina 1: +50 mercados, 1 legs de deportes
[20:24:51]   pagina 2: +50 mercados, 1 legs de deportes
[20:24:52]   pagina 3: +50 mercados, 9 legs de deportes
[20:24:52]   pagina 4: +50 mercados, 42 legs de deportes
[20:24:52]   pagina 5: +50 mercados, 83 legs de deportes
[20:24:52] [COMBO] 2 legs · cuota est. 1.52 · stake $8.95 (AUTO)
[20:24:52]   · Will Arsenal FC win on 2026-09-12? (p=0.81 vol=$4854k)
[20:24:52]   · Rice vs. Notre Dame: O/U 54.5 (p=0.81 vol=$59k)
[20:24:53]   RFQ create -> 200 {"rfq_id":"rfq-4960edd50b7f6d7203dbd118","status":"AWAITING_REQUESTER_ACCEPTANCE","expires_at":1789244698867,"request":{"rfq_id":"rfq-4960edd50b7f6d7203dbd118",
[20:24:53]   quote: cuota=1.28 blended=0.783 shares=11.31 total=$8.95
[20:24:53]   ⚖️ ventaja insuficiente: RFQ 1.28 vs mercado ~1.52 = EV -15.8% < 5% exigidos — NO se acepta ($0)
[20:24:54]   ❌ combo: ventaja_-15.8_insuficiente
[20:34:52] [AUTO] pasada (combos RFQ v11)
[20:34:53]   pagina 1: +50 mercados, 1 legs de deportes
[20:34:53]   pagina 2: +50 mercados, 1 legs de deportes
[20:34:53]   pagina 3: +50 mercados, 8 legs de deportes
[20:34:54]   pagina 4: +50 mercados, 43 legs de deportes
[20:34:54]   pagina 5: +50 mercados, 83 legs de deportes
[20:34:54] [COMBO] 2 legs · cuota est. 1.32 · stake $9.55 (AUTO)
[20:34:54]   · Will Arsenal FC win on 2026-09-12? (p=0.82 vol=$5091k)
[20:34:54]   · LoL: Cloud9 vs Shopify Rebellion - Game 1 Winner (p=0.93 vol=$65k)
[20:34:55]   RFQ create -> 200 {"rfq_id":"rfq-2a024a3628e75d48e6df1122","status":"AWAITING_REQUESTER_ACCEPTANCE","expires_at":1789245300489,"request":{"rfq_id":"rfq-2a024a3628e75d48e6df1122",
[20:34:55]   quote: cuota=1.18 blended=0.844 shares=11.22 total=$9.55
[20:34:55]   NO acepto: cuota real 1.18 fuera de [1.2-2.5]
[20:34:55]   ❌ combo: cuota_real_1.18_fuera
[20:39:26]   [copy] tope diario de señales (5) alcanzado
[20:42:28]   [copy] señal TARDÍA Noche UFC: Tim Elliott vs. Édgar Cháirez (Flyweight, Prelims: él 0.650 → ahora 0.880 (+23.0 pts) · no cuenta
[20:44:53] [AUTO] pasada (combos RFQ v11)
[20:44:53]   pagina 1: +50 mercados, 1 legs de deportes
[20:44:54]   pagina 2: +50 mercados, 2 legs de deportes
[20:44:54]   pagina 3: +50 mercados, 7 legs de deportes
[20:44:54]   pagina 4: +50 mercados, 38 legs de deportes
[20:44:55]   pagina 5: +50 mercados, 76 legs de deportes
[20:44:55] [COMBO] 2 legs · cuota est. 1.47 · stake $9.08 (AUTO)
[20:44:55]   · Will Arsenal FC win on 2026-09-12? (p=0.85 vol=$5216k)
[20:44:55]   · LoL: Cloud9 vs Shopify Rebellion - Game 1 Winner (p=0.80 vol=$93k)
[20:44:56]   RFQ create -> 200 {"rfq_id":"rfq-ea40ae246f557f2f729003a5","status":"AWAITING_REQUESTER_ACCEPTANCE","expires_at":1789245901214,"request":{"rfq_id":"rfq-ea40ae246f557f2f729003a5",
[20:44:56]   quote: cuota=1.12 blended=0.891 shares=10.14 total=$9.08
[20:44:56]   NO acepto: cuota real 1.12 fuera de [1.2-2.5]
[20:44:56]   ❌ combo: cuota_real_1.12_fuera
[20:45:18] loop err: The read operation timed out
[20:45:31]   [copy] tope diario de señales (5) alcanzado
[20:48:32]   [copy] tope diario de señales (5) alcanzado
[20:54:54] [AUTO] pasada (combos RFQ v11)
[20:54:55]   pagina 1: +50 mercados, 1 legs de deportes
[20:54:55]   pagina 2: +50 mercados, 2 legs de deportes
[20:54:55]   pagina 3: +50 mercados, 7 legs de deportes
[20:54:56]   pagina 4: +50 mercados, 37 legs de deportes
[20:54:56]   pagina 5: +50 mercados, 76 legs de deportes
[20:54:56] [COMBO] 2 legs · cuota est. 1.44 · stake $9.17 (AUTO)
[20:54:56]   · Will Arsenal FC win on 2026-09-12? (p=0.91 vol=$5216k)
[20:54:56]   · Los Angeles Dodgers vs. Miami Marlins (p=0.77 vol=$89k)
[20:54:57]   RFQ create -> 200 {"rfq_id":"rfq-8baca1a7213971560aaa8df7","status":"AWAITING_REQUESTER_ACCEPTANCE","expires_at":1789246502516,"request":{"rfq_id":"rfq-8baca1a7213971560aaa8df7",
[20:54:57]   quote: cuota=1.62 blended=0.619 shares=14.54 total=$9.17
[20:54:57]   stake AUTO ajustado con cuota real: $9.17 -> $10.0
[20:54:57]   saldo CLOB ok: $177.35 >= $9.17
[20:54:58]   RFQ accept -> 200 {"rfq_id":"rfq-8baca1a7213971560aaa8df7","status":"EXECUTING","taker_order_hash":"0xa36ff76cd54dbd6810d14d1f6ab85da77d6f5961f1c371d83b8be14e44f31e34"}

[20:55:08]   RFQ status final: CONFIRMED tx=0x375d577d6b8cacc9c5d7b2b2
[20:55:08]   ✅ combo OK: {'oid': 'rfq-8baca1a7213971560aaa8df7', 'status': 'CONFIRMED', 'cuota': 1.62}
[20:57:34]   [copy] tope diario de señales (5) alcanzado
[21:03:36]   [copy] tope diario de señales (5) alcanzado
[21:04:56] [AUTO] pasada (combos RFQ v11)
[21:04:56]   pagina 1: +50 mercados, 0 legs de deportes
[21:04:57]   pagina 2: +50 mercados, 1 legs de deportes
[21:04:57]   pagina 3: +50 mercados, 6 legs de deportes
[21:04:58]   pagina 4: +50 mercados, 35 legs de deportes
[21:04:58]   pagina 5: +50 mercados, 71 legs de deportes
[21:04:58] [COMBO] 2 legs · cuota est. 1.44 · stake $9.17 (AUTO)
[21:04:58]   · Will Paris Saint-Germain FC win on 2026-09-13? (p=0.79 vol=$75k)
[21:04:58]   · Will CA River Plate win on 2026-09-12? (p=0.89 vol=$46k)
[21:04:59]   RFQ create -> 200 {"rfq_id":"rfq-ea9e9d45fa27f58aa80012c9","status":"AWAITING_REQUESTER_ACCEPTANCE","expires_at":1789247104345,"request":{"rfq_id":"rfq-ea9e9d45fa27f58aa80012c9",
[21:04:59]   quote: cuota=1.37 blended=0.729 shares=12.42 total=$9.17
[21:04:59]   ⚖️ ventaja insuficiente: RFQ 1.37 vs mercado ~1.44 = EV -4.9% < 5% exigidos — NO se acepta ($0)
[21:04:59]   ❌ combo: ventaja_-4.9_insuficiente
[21:14:57] [AUTO] pasada (combos RFQ v11)
[21:14:57]   pagina 1: +50 mercados, 0 legs de deportes
[21:14:58]   pagina 2: +50 mercados, 1 legs de deportes
[21:14:58]   pagina 3: +50 mercados, 5 legs de deportes
[21:14:59]   pagina 4: +50 mercados, 37 legs de deportes
[21:14:59]   pagina 5: +50 mercados, 73 legs de deportes
[21:14:59] [COMBO] 2 legs · cuota est. 1.51 · stake $8.97 (AUTO)
[21:14:59]   · Guadalajara Open Akron, Qualification: Iryna Shymanovich (p=0.84 vol=$78k)
[21:14:59]   · Will Paris Saint-Germain FC win on 2026-09-13? (p=0.79 vol=$75k)
[21:15:00]   RFQ create -> 200 {"rfq_id":"rfq-84f75d48c2754daa8ad73f31","status":"AWAITING_REQUESTER_ACCEPTANCE","expires_at":1789247705497,"request":{"rfq_id":"rfq-84f75d48c2754daa8ad73f31",
[21:15:00]   quote: cuota=1.32 blended=0.759 shares=11.67 total=$8.97
[21:15:00]   ⚖️ ventaja insuficiente: RFQ 1.32 vs mercado ~1.51 = EV -12.6% < 5% exigidos — NO se acepta ($0)
[21:15:00]   ❌ combo: ventaja_-12.6_insuficiente
[21:15:46]   [copy] tope diario de señales (5) alcanzado
[21:18:46]   [copy] tope diario de señales (5) alcanzado
[21:21:47]   [copy] tope diario de señales (5) alcanzado
[21:24:47]   [copy] tope diario de señales (5) alcanzado
[21:24:57] [AUTO] pasada (combos RFQ v11)
[21:24:58]   pagina 1: +50 mercados, 0 legs de deportes
[21:24:58]   pagina 2: +50 mercados, 1 legs de deportes
[21:24:59]   pagina 3: +50 mercados, 4 legs de deportes
[21:24:59]   pagina 4: +50 mercados, 39 legs de deportes
[21:24:59]   pagina 5: +50 mercados, 72 legs de deportes
[21:24:59] [COMBO] 2 legs · cuota est. 1.28 · stake $9.69 (AUTO)
[21:24:59]   · San Diego Padres vs. San Francisco Giants (p=0.82 vol=$167k)
[21:24:59]   · Guadalajara Open Akron, Qualification: Iryna Shymanovich (p=0.94 vol=$78k)
[21:25:00]   RFQ create -> 200 {"rfq_id":"rfq-d7200db3776d1dbff0fba5b8","status":"AWAITING_REQUESTER_ACCEPTANCE","expires_at":1789248305708,"request":{"rfq_id":"rfq-d7200db3776d1dbff0fba5b8",
[21:25:00]   quote: cuota=1.2 blended=0.832 shares=11.55 total=$9.69
[21:25:00]   ⚖️ ventaja insuficiente: RFQ 1.2 vs mercado ~1.28 = EV -6.2% < 5% exigidos — NO se acepta ($0)
[21:25:30]   ❌ combo: ventaja_-6.2_insuficiente
[21:27:51]   [copy] tope diario de señales (5) alcanzado
[21:28:57] loop err: The read operation timed out
[21:30:52]   [copy] tope diario de señales (5) alcanzado
[21:33:52]   [copy] tope diario de señales (5) alcanzado
[21:35:02] [AUTO] pasada (combos RFQ v11)
[21:35:03]   pagina 1: +50 mercados, 0 legs de deportes
[21:35:03]   pagina 2: +50 mercados, 1 legs de deportes
[21:35:03]   pagina 3: +50 mercados, 8 legs de deportes
[21:35:04]   pagina 4: +50 mercados, 48 legs de deportes
[21:35:04]   pagina 5: +50 mercados, 87 legs de deportes
[21:35:04] [COMBO] 2 legs · cuota est. 1.3 · stake $9.62 (AUTO)
[21:35:04]   · San Diego Padres vs. San Francisco Giants (p=0.91 vol=$171k)
[21:35:04]   · LoL: Cloud9 vs Shopify Rebellion - Game 2 Winner (p=0.85 vol=$130k)
[21:35:05]   RFQ create -> 200 {"rfq_id":"rfq-963bd373d90a60e9a8a545f1","status":"FAILED","error":{"code":"NO_QUOTES","message":"no quotes"}}

[21:35:05]   ❌ combo: rfq_NO_QUOTES
[21:36:56]   [copy] señal TARDÍA Cleveland Guardians vs. Minnesota Twins: él 0.170 → ahora 0.315 (+14.5 pts) · no cuenta
[21:39:56]   [copy] tope diario de señales (5) alcanzado
[21:42:57]   [copy] tope diario de señales (5) alcanzado
[21:45:03] [AUTO] pasada (combos RFQ v11)
[21:45:03]   pagina 1: +50 mercados, 0 legs de deportes
[21:45:03]   pagina 2: +50 mercados, 1 legs de deportes
[21:45:04]   pagina 3: +50 mercados, 12 legs de deportes
[21:45:04]   pagina 4: +50 mercados, 52 legs de deportes
[21:45:04]   pagina 5: +50 mercados, 88 legs de deportes
[21:45:04] [COMBO] 2 legs · cuota est. 1.32 · stake $9.55 (AUTO)
[21:45:04]   · San Diego Padres vs. San Francisco Giants (p=0.90 vol=$218k)
[21:45:04]   · Sao Paulo Open, Qualification: Victoria Bosio vs Lizette (p=0.84 vol=$194k)
[21:45:05]   RFQ create -> 200 {"rfq_id":"rfq-d798cfccbd1309da3b44f7cf","status":"AWAITING_REQUESTER_ACCEPTANCE","expires_at":1789249510781,"request":{"rfq_id":"rfq-d798cfccbd1309da3b44f7cf",
[21:45:05]   quote: cuota=1.44 blended=0.696 shares=13.51 total=$9.55
[21:45:05]   stake AUTO ajustado con cuota real: $9.55 -> $10.0
[21:45:06]   saldo CLOB ok: $168.18 >= $9.55
[21:45:07]   RFQ accept -> 200 {"rfq_id":"rfq-d798cfccbd1309da3b44f7cf","status":"FAILED","taker_order_hash":"0x1c5d251478abef631de49253fbadd21d8dd5a48b7fafd43cdcfda1b08e9fb4d5","error":{"cod
[21:45:07]   ❌ combo: accept_MAKER_DECLINED
[21:45:57]   [copy] tope diario de señales (5) alcanzado
[21:48:57]   [copy] tope diario de señales (5) alcanzado
[21:51:58]   [copy] tope diario de señales (5) alcanzado
[21:55:05] [AUTO] pasada (combos RFQ v11)
[21:55:05]   pagina 1: +50 mercados, 0 legs de deportes
[21:55:05]   pagina 2: +50 mercados, 1 legs de deportes
[21:55:06]   pagina 3: +50 mercados, 12 legs de deportes
[21:55:06]   pagina 4: +50 mercados, 53 legs de deportes
[21:55:06]   pagina 5: +50 mercados, 90 legs de deportes
[21:55:06] [COMBO] 2 legs · cuota est. 1.47 · stake $9.08 (AUTO)
[21:55:06]   · San Diego Padres vs. San Francisco Giants (p=0.93 vol=$218k)
[21:55:06]   · Genoa: Thiago Seyboth Wild vs Matej Dodig (p=0.73 vol=$152k)
[21:55:07]   RFQ create -> 200 {"rfq_id":"rfq-28c3dc59fcfa8f42131b10d7","status":"AWAITING_REQUESTER_ACCEPTANCE","expires_at":1789250112868,"request":{"rfq_id":"rfq-28c3dc59fcfa8f42131b10d7",
[21:55:07]   quote: cuota=1.14 blended=0.877 shares=10.29 total=$9.08
[21:55:07]   NO acepto: cuota real 1.14 fuera de [1.2-2.5]
[21:55:38]   ❌ combo: cuota_real_1.14_fuera
[21:58:04]   [copy] tope diario de señales (5) alcanzado
[22:01:05]   [copy] tope diario de señales (5) alcanzado
[22:05:06] [AUTO] pasada (combos RFQ v11)
[22:05:07]   pagina 1: +50 mercados, 0 legs de deportes
[22:05:07]   pagina 2: +50 mercados, 1 legs de deportes
[22:05:07]   pagina 3: +50 mercados, 13 legs de deportes
[22:05:08]   pagina 4: +50 mercados, 52 legs de deportes
[22:05:08]   pagina 5: +50 mercados, 91 legs de deportes
[22:05:08] [COMBO] 2 legs · cuota est. 1.36 · stake $9.41 (AUTO)
[22:05:08]   · Noche UFC: Curtis Blaydes vs. Waldo Cortes Acosta (Heavy (p=0.80 vol=$273k)
[22:05:08]   · Genoa: Thiago Seyboth Wild vs Matej Dodig (p=0.93 vol=$176k)
[22:05:09]   RFQ create -> 200 {"rfq_id":"rfq-6177833e2661e4b1b2f4139f","status":"AWAITING_REQUESTER_ACCEPTANCE","expires_at":1789250714454,"request":{"rfq_id":"rfq-6177833e2661e4b1b2f4139f",
[22:05:09]   quote: cuota=1.58 blended=0.634 shares=14.57 total=$9.41
[22:05:09]   stake AUTO ajustado con cuota real: $9.41 -> $10.0
[22:05:09]   saldo CLOB ok: $168.18 >= $9.41
[22:05:10]   RFQ accept -> 200 {"rfq_id":"rfq-6177833e2661e4b1b2f4139f","status":"EXECUTING","taker_order_hash":"0x093a0f4cbb5b1a9dfad938353106e1ba2510eaa733a901a1c5f35ad2f3ab19ca"}

[22:05:17]   RFQ status final: CONFIRMED tx=0x0bb0904082674739a1b9c507
[22:05:47]   ✅ combo OK: {'oid': 'rfq-6177833e2661e4b1b2f4139f', 'status': 'CONFIRMED', 'cuota': 1.58}
[22:07:08]   [copy] tope diario de señales (5) alcanzado
[22:10:09]   [copy] señal TARDÍA US Open WTA: Aryna Sabalenka vs Elena Rybakina: él 0.380 → ahora 0.435 (+5.5 pts) · no cuenta
[22:10:09]   [copy] señal TARDÍA US Open WTA: Aryna Sabalenka vs Elena Rybakina: él 0.380 → ahora 0.435 (+5.5 pts) · no cuenta
[22:10:09]   [copy] señal TARDÍA Game Handicap: C9 (-2.5) vs Shopify Rebellion (+2.5): él 0.600 → ahora 0.655 (+5.5 pts) · no cuenta
[22:13:10]   [copy] señal TARDÍA Cleveland Guardians vs. Minnesota Twins: él 0.310 → ahora 0.385 (+7.5 pts) · no cuenta
[22:15:10] [AUTO] pasada (combos RFQ v11)
[22:15:11]   pagina 1: +50 mercados, 1 legs de deportes
[22:15:11]   pagina 2: +50 mercados, 1 legs de deportes
[22:15:12]   pagina 3: +50 mercados, 14 legs de deportes
[22:15:12]   pagina 4: +50 mercados, 53 legs de deportes
[22:15:12]   pagina 5: +50 mercados, 95 legs de deportes
[22:15:12]   tope diario alcanzado (10/10 ops)
[22:15:12]   sin combos viables esta pasada (eventos distintos, cuota, cooldown, tope)
[22:17:14]   v12.8.3: 487 fills reales de la wallet (evidencia de cadena)
[22:17:14]   verdad: 28 cobros REDEEM>0 por token + 80 por título (80 registros)
[22:17:21]   [auditoria:auto] APLICADA reabiertas=0 corregidas=0 confirmadas=54 manuales=0 nuevas=4 sin_datos=0 · PnL archivadas +3.85→-1.83
[22:17:21]   💰 reclamar: 2 ganada(s) sin cobrar (~$31.06) → aviso
[22:19:17]   [copy] tope diario de señales (5) alcanzado
[22:22:18]   [copy] tope diario de señales (5) alcanzado
[22:25:13] [AUTO] pasada (combos RFQ v11)
[22:25:14]   pagina 1: +50 mercados, 1 legs de deportes
[22:25:14]   pagina 2: +50 mercados, 1 legs de deportes
[22:25:14]   pagina 3: +50 mercados, 11 legs de deportes
[22:25:15]   pagina 4: +50 mercados, 48 legs de deportes
[22:25:15]   pagina 5: +50 mercados, 91 legs de deportes
[22:25:15]   tope diario alcanzado (10/10 ops)
[22:25:15]   sin combos viables esta pasada (eventos distintos, cuota, cooldown, tope)
[22:25:21]   [copy] tope diario de señales (5) alcanzado
[22:31:23]   [copy] señal TARDÍA US Open WTA: Aryna Sabalenka vs Elena Rybakina: él 0.850 → ahora 0.910 (+6.0 pts) · no cuenta
[22:31:23]   [copy] tope diario de señales (5) alcanzado
[22:34:24]   [copy] tope diario de señales (5) alcanzado
[22:35:14] [AUTO] pasada (combos RFQ v11)
[22:35:15]   pagina 1: +50 mercados, 1 legs de deportes
[22:35:15]   pagina 2: +50 mercados, 1 legs de deportes
[22:35:15]   pagina 3: +50 mercados, 13 legs de deportes
[22:35:16]   pagina 4: +50 mercados, 49 legs de deportes
[22:35:16]   pagina 5: +50 mercados, 90 legs de deportes
[22:35:16]   tope diario alcanzado (10/10 ops)
[22:35:16]   sin combos viables esta pasada (eventos distintos, cuota, cooldown, tope)
[22:40:27]   [copy] tope diario de señales (5) alcanzado
[22:43:28]   [copy] tope diario de señales (5) alcanzado
[22:45:18] [AUTO] pasada (combos RFQ v11)
[22:45:18]   pagina 1: +50 mercados, 0 legs de deportes
[22:45:18]   pagina 2: +50 mercados, 0 legs de deportes
[22:45:19]   pagina 3: +50 mercados, 9 legs de deportes
[22:45:19]   pagina 4: +50 mercados, 44 legs de deportes
[22:45:19]   pagina 5: +50 mercados, 81 legs de deportes
[22:45:19]   tope diario alcanzado (10/10 ops)
[22:45:19]   sin combos viables esta pasada (eventos distintos, cuota, cooldown, tope)
[22:46:30]   [copy] tope diario de señales (5) alcanzado
[22:49:31]   [copy] tope diario de señales (5) alcanzado
[22:52:32]   [copy] tope diario de señales (5) alcanzado
[22:55:22] [AUTO] pasada (combos RFQ v11)
[22:55:23]   pagina 1: +50 mercados, 0 legs de deportes
[22:55:23]   pagina 2: +50 mercados, 0 legs de deportes
[22:55:23]   pagina 3: +50 mercados, 6 legs de deportes
[22:55:24]   pagina 4: +50 mercados, 44 legs de deportes
[22:55:24]   pagina 5: +50 mercados, 84 legs de deportes
[22:55:24]   tope diario alcanzado (10/10 ops)
[22:55:24]   sin combos viables esta pasada (eventos distintos, cuota, cooldown, tope)
[22:55:35]   [copy] señal TARDÍA Noche UFC: Tommy McMillen vs. Marwan Rahiki (Featherweight, : él 0.610 → ahora 0.725 (+11.5 pts) · no cuenta
[23:01:37]   [copy] señal TARDÍA California vs. Syracuse: él 0.640 → ahora 0.695 (+5.5 pts) · no cuenta
[23:04:38]   [copy] tope diario de señales (5) alcanzado
[23:05:23] [AUTO] pasada (combos RFQ v11)
[23:05:24]   pagina 1: +50 mercados, 0 legs de deportes
[23:05:24]   pagina 2: +50 mercados, 0 legs de deportes
[23:05:24]   pagina 3: +50 mercados, 7 legs de deportes
[23:05:25]   pagina 4: +50 mercados, 44 legs de deportes
[23:05:25]   pagina 5: +50 mercados, 80 legs de deportes
[23:05:25]   tope diario alcanzado (10/10 ops)
[23:05:25]   sin combos viables esta pasada (eventos distintos, cuota, cooldown, tope)
[23:07:04] loop err: The read operation timed out
[23:07:40]   [copy] tope diario de señales (5) alcanzado
[23:10:41]   [copy] tope diario de señales (5) alcanzado
[23:13:42]   [copy] tope diario de señales (5) alcanzado
[23:15:27] [AUTO] pasada (combos RFQ v11)
[23:15:27]   pagina 1: +50 mercados, 0 legs de deportes
[23:15:28]   pagina 2: +50 mercados, 0 legs de deportes
[23:15:28]   pagina 3: +50 mercados, 9 legs de deportes
[23:15:28]   pagina 4: +50 mercados, 45 legs de deportes
[23:15:29]   pagina 5: +50 mercados, 82 legs de deportes
[23:15:29]   tope diario alcanzado (10/10 ops)
[23:15:29]   sin combos viables esta pasada (eventos distintos, cuota, cooldown, tope)
[23:19:45]   [copy] señal TARDÍA California vs. Syracuse: él 0.100 → ahora 0.215 (+11.5 pts) · no cuenta
[23:25:31] [AUTO] pasada (combos RFQ v11)
[23:25:32]   pagina 1: +50 mercados, 0 legs de deportes
[23:25:32]   pagina 2: +50 mercados, 0 legs de deportes
[23:25:32]   pagina 3: +50 mercados, 10 legs de deportes
[23:25:33]   pagina 4: +50 mercados, 47 legs de deportes
[23:25:33]   pagina 5: +50 mercados, 84 legs de deportes
[23:25:33]   tope diario alcanzado (10/10 ops)
[23:25:33]   sin combos viables esta pasada (eventos distintos, cuota, cooldown, tope)
[23:25:49]   [copy] tope diario de señales (5) alcanzado
[23:28:50]   [copy] tope diario de señales (5) alcanzado
[23:31:51]   [copy] señal TARDÍA Noche UFC: Brandon Moreno vs. Joseph Morales (Flyweight, Mai: él 0.520 → ahora 0.640 (+12.0 pts) · no cuenta
[23:31:51]   [copy] señal TARDÍA Noche UFC: Brandon Moreno vs. Joseph Morales (Flyweight, Mai: él 0.520 → ahora 0.640 (+12.0 pts) · no cuenta
[23:31:51]   [copy] señal TARDÍA Noche UFC: Brandon Moreno vs. Joseph Morales (Flyweight, Mai: él 0.520 → ahora 0.640 (+12.0 pts) · no cuenta
[23:31:51]   [copy] señal TARDÍA Noche UFC: Brandon Moreno vs. Joseph Morales (Flyweight, Mai: él 0.520 → ahora 0.640 (+12.0 pts) · no cuenta
[23:34:52]   [copy] señal TARDÍA Noche UFC: Brandon Moreno vs. Joseph Morales (Flyweight, Mai: él 0.470 → ahora 0.520 (+5.0 pts) · no cuenta
[23:34:52]   [copy] señal TARDÍA Noche UFC: Brandon Moreno vs. Joseph Morales (Flyweight, Mai: él 0.470 → ahora 0.520 (+5.0 pts) · no cuenta
[23:34:52]   [copy] tope diario de señales (5) alcanzado
[23:35:32] [AUTO] pasada (combos RFQ v11)
[23:35:33]   pagina 1: +50 mercados, 0 legs de deportes
[23:35:33]   pagina 2: +50 mercados, 0 legs de deportes
[23:35:33]   pagina 3: +50 mercados, 10 legs de deportes
[23:35:34]   pagina 4: +50 mercados, 48 legs de deportes
[23:35:34]   pagina 5: +50 mercados, 87 legs de deportes
[23:35:34]   tope diario alcanzado (10/10 ops)
[23:35:34]   sin combos viables esta pasada (eventos distintos, cuota, cooldown, tope)
[23:37:55]   [copy] señal TARDÍA Noche UFC: Brandon Moreno vs. Joseph Morales (Flyweight, Mai: él 0.540 → ahora 0.455 (-8.5 pts) · no cuenta
[23:37:55]   [copy] tope diario de señales (5) alcanzado
[23:38:42] loop err: The read operation timed out
[23:40:56]   [copy] tope diario de señales (5) alcanzado
[23:43:57]   [copy] tope diario de señales (5) alcanzado
[23:45:37] [AUTO] pasada (combos RFQ v11)
[23:45:37]   pagina 1: +50 mercados, 0 legs de deportes
[23:45:38]   pagina 2: +50 mercados, 0 legs de deportes
[23:45:38]   pagina 3: +50 mercados, 14 legs de deportes
[23:45:38]   pagina 4: +50 mercados, 53 legs de deportes
[23:45:39]   pagina 5: +50 mercados, 96 legs de deportes
[23:45:39]   tope diario alcanzado (10/10 ops)
[23:45:39]   sin combos viables esta pasada (eventos distintos, cuota, cooldown, tope)
[23:50:01]   [copy] tope diario de señales (5) alcanzado
[23:53:02]   [copy] señal TARDÍA Cincinnati Reds vs. Milwaukee Brewers: él 0.110 → ahora 0.175 (+6.5 pts) · no cuenta
[23:55:37] [AUTO] pasada (combos RFQ v11)
[23:55:52]   combo-markets status None
[23:55:52]   sin legs disponibles
[23:59:04]   [copy] tope diario de señales (5) alcanzado
[00:05:41] [AUTO] pasada (combos RFQ v11)
[00:05:42]   pagina 1: +50 mercados, 0 legs de deportes
[00:05:42]   pagina 2: +50 mercados, 0 legs de deportes
[00:05:43]   pagina 3: +50 mercados, 12 legs de deportes
[00:05:43]   pagina 4: +50 mercados, 50 legs de deportes
[00:05:43]   pagina 5: +50 mercados, 93 legs de deportes
[00:05:43] [COMBO] 2 legs · cuota est. 1.53 · stake $8.92 (AUTO)
[00:05:43]   · Will Paris Saint-Germain FC win on 2026-09-13? (p=0.79 vol=$77k)
[00:05:43]   · LoL: Bilibili Gaming vs Anyone's Legend (BO5) - LPL Play (p=0.83 vol=$65k)
[00:06:14]   RFQ create -> 200 {"rfq_id":"rfq-b839bb7fe277484320f3b4d3","status":"AWAITING_REQUESTER_ACCEPTANCE","expires_at":1789257979645,"request":{"rfq_id":"rfq-b839bb7fe277484320f3b4d3",
[00:06:14]   quote: cuota=1.51 blended=0.664 shares=13.22 total=$8.92
[00:06:14]   ⚖️ ventaja insuficiente: RFQ 1.51 vs mercado ~1.53 = EV -1.3% < 5% exigidos — NO se acepta ($0)
[00:06:14]   ❌ combo: ventaja_-1.3_insuficiente
[00:15:42] [AUTO] pasada (combos RFQ v11)
[00:15:43]   pagina 1: +50 mercados, 0 legs de deportes
[00:15:43]   pagina 2: +50 mercados, 0 legs de deportes
[00:15:44]   pagina 3: +50 mercados, 13 legs de deportes
[00:15:44]   pagina 4: +50 mercados, 54 legs de deportes
[00:15:44]   pagina 5: +50 mercados, 98 legs de deportes
[00:15:44] [COMBO] 2 legs · cuota est. 1.53 · stake $8.92 (AUTO)
[00:15:44]   · Will Paris Saint-Germain FC win on 2026-09-13? (p=0.79 vol=$77k)
[00:15:44]   · LoL: Bilibili Gaming vs Anyone's Legend (BO5) - LPL Play (p=0.83 vol=$65k)
[00:15:45]   RFQ create -> 200 {"rfq_id":"rfq-152d66a355d100c4a66d2fa4","status":"AWAITING_REQUESTER_ACCEPTANCE","expires_at":1789258550757,"request":{"rfq_id":"rfq-152d66a355d100c4a66d2fa4",
[00:15:45]   quote: cuota=1.51 blended=0.664 shares=13.22 total=$8.92
[00:15:45]   ⚖️ ventaja insuficiente: RFQ 1.51 vs mercado ~1.53 = EV -1.3% < 5% exigidos — NO se acepta ($0)
[00:15:45]   ❌ combo: ventaja_-1.3_insuficiente
[00:17:16]   [copy] 📡 señal #1789258636 de 0x2c335066: Noche UFC: Jean Silva vs. Jose Miguel Delgado (Featherweight · él 0.560 / nosotros 0.610 (+5.0 pts) · retraso 0m34s · papel $5
[00:17:16]   [copy] 📡 señal #1789258636 de 0x2c335066: Chicago White Sox vs. St. Louis Cardinals · él 0.180 / nosotros 0.185 (+0.5 pts) · retraso 1m46s · papel $5
[00:17:17]   [copy] señal TARDÍA Houston Astros vs. Tampa Bay Rays: él 0.210 → ahora 0.305 (+9.5 pts) · no cuenta
[00:17:17]   [copy] señal TARDÍA Noche UFC: Jean Silva vs. Jose Miguel Delgado (Featherweight: él 0.720 → ahora 0.610 (-11.0 pts) · no cuenta
[00:17:17]   [copy] ronda: 2 señal(es) nueva(s) · 0 compra(s) repetida(s) fusionada(s) · 0 resuelta(s) · dedup 232 fills
[00:20:18]   [copy] ronda: 0 señal(es) nueva(s) · 1 compra(s) repetida(s) fusionada(s) · 0 resuelta(s) · dedup 233 fills
[00:23:19]   [copy] 📡 señal #1789258999 de 0x2c335066: Cincinnati Reds vs. Milwaukee Brewers · él 0.350 / nosotros 0.365 (+1.5 pts) · retraso 2m01s · papel $5
[00:23:50]   [copy] ronda: 1 señal(es) nueva(s) · 2 compra(s) repetida(s) fusionada(s) · 0 resuelta(s) · dedup 236 fills
[00:25:45] [AUTO] pasada (combos RFQ v11)
[00:25:46]   pagina 1: +50 mercados, 0 legs de deportes
[00:25:46]   pagina 2: +50 mercados, 0 legs de deportes
[00:25:47]   pagina 3: +50 mercados, 13 legs de deportes
[00:25:47]   pagina 4: +50 mercados, 54 legs de deportes
[00:25:48]   pagina 5: +50 mercados, 100 legs de deportes
[00:25:48] [COMBO] 2 legs · cuota est. 1.53 · stake $8.92 (AUTO)
[00:25:48]   · Will Paris Saint-Germain FC win on 2026-09-13? (p=0.79 vol=$77k)
[00:25:48]   · LoL: Bilibili Gaming vs Anyone's Legend (BO5) - LPL Play (p=0.83 vol=$65k)
[00:25:48]   RFQ create -> 200 {"rfq_id":"rfq-4d07a635c7094fff3b4a4fac","status":"AWAITING_REQUESTER_ACCEPTANCE","expires_at":1789259153854,"request":{"rfq_id":"rfq-4d07a635c7094fff3b4a4fac",
[00:25:48]   quote: cuota=1.51 blended=0.664 shares=13.22 total=$8.92
[00:25:48]   ⚖️ ventaja insuficiente: RFQ 1.51 vs mercado ~1.53 = EV -1.3% < 5% exigidos — NO se acepta ($0)
[00:25:49]   ❌ combo: ventaja_-1.3_insuficiente
[00:26:19]   [copy] 📡 señal #1789259179 de 0x2c335066: Houston Astros vs. Tampa Bay Rays · él 0.240 / nosotros 0.195 (-4.5 pts) · retraso 1m01s · papel $5
[00:26:20]   [copy] ronda: 1 señal(es) nueva(s) · 0 compra(s) repetida(s) fusionada(s) · 0 resuelta(s) · dedup 237 fills
[00:29:21]   [copy] ronda: 0 señal(es) nueva(s) · 4 compra(s) repetida(s) fusionada(s) · 0 resuelta(s) · dedup 241 fills
[00:35:23]   [copy] 📡 señal #1789259723 de 0x2c335066: Seattle Mariners vs. Athletics: O/U 9.5 · él 0.490 / nosotros 0.505 (+1.5 pts) · retraso 1m13s · papel $5
[00:35:23]   [copy] ronda: 1 señal(es) nueva(s) · 0 compra(s) repetida(s) fusionada(s) · 0 resuelta(s) · dedup 242 fills
[00:35:48] [AUTO] pasada (combos RFQ v11)
[00:35:49]   pagina 1: +50 mercados, 0 legs de deportes
[00:35:49]   pagina 2: +50 mercados, 0 legs de deportes
[00:35:50]   pagina 3: +50 mercados, 14 legs de deportes
[00:35:50]   pagina 4: +50 mercados, 53 legs de deportes
[00:35:50]   pagina 5: +50 mercados, 99 legs de deportes
[00:35:50] [COMBO] 2 legs · cuota est. 1.49 · stake $9.03 (AUTO)
[00:35:50]   · Will FC Barcelona win on 2026-09-13? (p=0.85 vol=$292k)
[00:35:50]   · Will Paris Saint-Germain FC win on 2026-09-13? (p=0.79 vol=$77k)
[00:35:51]   RFQ create -> 200 {"rfq_id":"rfq-342859196c635bfd1e456a80","status":"AWAITING_REQUESTER_ACCEPTANCE","expires_at":1789259756596,"request":{"rfq_id":"rfq-342859196c635bfd1e456a80",
[00:35:51]   quote: cuota=1.47 blended=0.679 shares=13.08 total=$9.03
[00:35:51]   ⚖️ ventaja insuficiente: RFQ 1.47 vs mercado ~1.49 = EV -1.3% < 5% exigidos — NO se acepta ($0)
[00:35:51]   ❌ combo: ventaja_-1.3_insuficiente
[00:38:27]   [copy] ronda: 0 señal(es) nueva(s) · 1 compra(s) repetida(s) fusionada(s) · 0 resuelta(s) · dedup 243 fills
[00:41:29]   [copy] ronda: 0 señal(es) nueva(s) · 1 compra(s) repetida(s) fusionada(s) · 0 resuelta(s) · dedup 244 fills
[00:44:29]   [copy] tope diario de señales (5) alcanzado
[00:45:50] [AUTO] pasada (combos RFQ v11)
[00:45:50]   pagina 1: +50 mercados, 0 legs de deportes
[00:45:50]   pagina 2: +50 mercados, 0 legs de deportes
[00:45:51]   pagina 3: +50 mercados, 13 legs de deportes
[00:45:51]   pagina 4: +50 mercados, 53 legs de deportes
[00:45:51]   pagina 5: +50 mercados, 98 legs de deportes
[00:45:51] [COMBO] 2 legs · cuota est. 1.49 · stake $9.03 (AUTO)
[00:45:51]   · Will FC Barcelona win on 2026-09-13? (p=0.85 vol=$292k)
[00:45:51]   · Will Paris Saint-Germain FC win on 2026-09-13? (p=0.79 vol=$77k)
[00:45:52]   RFQ create -> 200 {"rfq_id":"rfq-b238db6526c1081f11be251e","status":"AWAITING_REQUESTER_ACCEPTANCE","expires_at":1789260357748,"request":{"rfq_id":"rfq-b238db6526c1081f11be251e",
[00:45:52]   quote: cuota=1.48 blended=0.676 shares=13.15 total=$9.03
[00:45:52]   ⚖️ ventaja insuficiente: RFQ 1.48 vs mercado ~1.49 = EV -0.7% < 5% exigidos — NO se acepta ($0)
[00:45:52]   ❌ combo: ventaja_-0.7_insuficiente
[00:55:51] [AUTO] pasada (combos RFQ v11)
[00:55:51]   pagina 1: +50 mercados, 0 legs de deportes
[00:55:52]   pagina 2: +50 mercados, 0 legs de deportes
[00:55:52]   pagina 3: +50 mercados, 14 legs de deportes
[00:55:52]   pagina 4: +50 mercados, 56 legs de deportes
[00:55:53]   pagina 5: +50 mercados, 101 legs de deportes
[00:55:53] [COMBO] 2 legs · cuota est. 1.49 · stake $9.03 (AUTO)
[00:55:53]   · Will FC Barcelona win on 2026-09-13? (p=0.85 vol=$292k)
[00:55:53]   · Will Paris Saint-Germain FC win on 2026-09-13? (p=0.79 vol=$77k)
[00:55:54]   RFQ create -> 200 {"rfq_id":"rfq-26f6b6d1489ba57dc05d9b1e","status":"AWAITING_REQUESTER_ACCEPTANCE","expires_at":1789260958970,"request":{"rfq_id":"rfq-26f6b6d1489ba57dc05d9b1e",
[00:55:54]   quote: cuota=1.48 blended=0.676 shares=13.15 total=$9.03
[00:55:54]   ⚖️ ventaja insuficiente: RFQ 1.48 vs mercado ~1.49 = EV -0.7% < 5% exigidos — NO se acepta ($0)
[00:55:54]   ❌ combo: ventaja_-0.7_insuficiente
[01:05:44]   [copy] ronda: 0 señal(es) nueva(s) · 0 compra(s) repetida(s) fusionada(s) · 1 resuelta(s) · dedup 245 fills
[01:05:54] [AUTO] pasada (combos RFQ v11)
[01:05:54]   pagina 1: +50 mercados, 0 legs de deportes
[01:05:55]   pagina 2: +50 mercados, 0 legs de deportes
[01:05:55]   pagina 3: +50 mercados, 13 legs de deportes
[01:05:55]   pagina 4: +50 mercados, 50 legs de deportes
[01:05:55]   pagina 5: +50 mercados, 92 legs de deportes
[01:05:55] [COMBO] 2 legs · cuota est. 1.49 · stake $9.03 (AUTO)
[01:05:55]   · Will FC Barcelona win on 2026-09-13? (p=0.85 vol=$296k)
[01:05:55]   · Will Paris Saint-Germain FC win on 2026-09-13? (p=0.79 vol=$77k)
[01:06:26]   RFQ create -> 200 {"rfq_id":"rfq-cb9157065299c3e7dc5fe68e","status":"AWAITING_REQUESTER_ACCEPTANCE","expires_at":1789261591890,"request":{"rfq_id":"rfq-cb9157065299c3e7dc5fe68e",
[01:06:26]   quote: cuota=1.48 blended=0.676 shares=13.15 total=$9.03
[01:06:26]   ⚖️ ventaja insuficiente: RFQ 1.48 vs mercado ~1.49 = EV -0.7% < 5% exigidos — NO se acepta ($0)
[01:06:27]   ❌ combo: ventaja_-0.7_insuficiente
[01:11:48]   [copy] señal TARDÍA Texas Rangers vs. Arizona Diamondbacks: él 0.440 → ahora 0.365 (-7.5 pts) · no cuenta
[01:12:20] loop err: HTTP Error 502: Bad Gateway
[01:12:25] loop err: HTTP Error 502: Bad Gateway
[01:12:30] loop err: HTTP Error 502: Bad Gateway
[01:12:35] loop err: HTTP Error 502: Bad Gateway
[01:13:40] loop err: The read operation timed out
[01:14:50]   [copy] tope diario de señales (5) alcanzado
[01:15:55] [AUTO] pasada (combos RFQ v11)
[01:15:55]   pagina 1: +50 mercados, 0 legs de deportes
[01:15:56]   pagina 2: +50 mercados, 0 legs de deportes
[01:15:56]   pagina 3: +50 mercados, 13 legs de deportes
[01:15:56]   pagina 4: +50 mercados, 48 legs de deportes
[01:15:57]   pagina 5: +50 mercados, 89 legs de deportes
[01:15:57] [COMBO] 2 legs · cuota est. 1.49 · stake $9.03 (AUTO)
[01:15:57]   · Will FC Barcelona win on 2026-09-13? (p=0.85 vol=$307k)
[01:15:57]   · Will Paris Saint-Germain FC win on 2026-09-13? (p=0.79 vol=$77k)
[01:15:58]   RFQ create -> 200 {"rfq_id":"rfq-644aaeec9fbd6236d937425d","status":"AWAITING_REQUESTER_ACCEPTANCE","expires_at":1789262163020,"request":{"rfq_id":"rfq-644aaeec9fbd6236d937425d",
[01:15:58]   quote: cuota=1.48 blended=0.676 shares=13.15 total=$9.03
[01:15:58]   ⚖️ ventaja insuficiente: RFQ 1.48 vs mercado ~1.49 = EV -0.7% < 5% exigidos — NO se acepta ($0)
[01:15:58]   ❌ combo: ventaja_-0.7_insuficiente
[01:25:28] loop err: The read operation timed out
[01:25:56] [AUTO] pasada (combos RFQ v11)
[01:25:56]   pagina 1: +50 mercados, 0 legs de deportes
[01:25:57]   pagina 2: +50 mercados, 0 legs de deportes
[01:25:57]   pagina 3: +50 mercados, 13 legs de deportes
[01:25:57]   pagina 4: +50 mercados, 49 legs de deportes
[01:25:58]   pagina 5: +50 mercados, 91 legs de deportes
[01:25:58] [COMBO] 2 legs · cuota est. 1.49 · stake $9.03 (AUTO)
[01:25:58]   · Will FC Barcelona win on 2026-09-13? (p=0.85 vol=$307k)
[01:25:58]   · Will Paris Saint-Germain FC win on 2026-09-13? (p=0.79 vol=$77k)
[01:25:59]   RFQ create -> 200 {"rfq_id":"rfq-1a31b110bdbb1e884ee63e88","status":"AWAITING_REQUESTER_ACCEPTANCE","expires_at":1789262764115,"request":{"rfq_id":"rfq-1a31b110bdbb1e884ee63e88",
[01:25:59]   quote: cuota=1.48 blended=0.676 shares=13.15 total=$9.03
[01:25:59]   ⚖️ ventaja insuficiente: RFQ 1.48 vs mercado ~1.49 = EV -0.7% < 5% exigidos — NO se acepta ($0)
[01:25:59]   ❌ combo: ventaja_-0.7_insuficiente
[01:27:00]   [copy] ronda: 0 señal(es) nueva(s) · 0 compra(s) repetida(s) fusionada(s) · 1 resuelta(s) · dedup 247 fills
[01:30:01]   [copy] señal TARDÍA Jacksonville State vs. Ohio: él 0.100 → ahora 0.215 (+11.5 pts) · no cuenta
[01:33:09] loop err: The read operation timed out
[01:35:57] [AUTO] pasada (combos RFQ v11)
[01:35:57]   pagina 1: +50 mercados, 0 legs de deportes
[01:35:58]   pagina 2: +50 mercados, 0 legs de deportes
[01:35:58]   pagina 3: +50 mercados, 12 legs de deportes
[01:35:59]   pagina 4: +50 mercados, 46 legs de deportes
[01:35:59]   pagina 5: +50 mercados, 86 legs de deportes
[01:35:59] [COMBO] 2 legs · cuota est. 1.49 · stake $9.03 (AUTO)
[01:35:59]   · Will FC Barcelona win on 2026-09-13? (p=0.85 vol=$320k)
[01:35:59]   · Will Paris Saint-Germain FC win on 2026-09-13? (p=0.79 vol=$77k)
[01:36:00]   RFQ create -> 200 {"rfq_id":"rfq-56613914604da6041efe05d9","status":"AWAITING_REQUESTER_ACCEPTANCE","expires_at":1789263365199,"request":{"rfq_id":"rfq-56613914604da6041efe05d9",
[01:36:00]   quote: cuota=1.47 blended=0.682 shares=13.03 total=$9.03
[01:36:00]   ⚖️ ventaja insuficiente: RFQ 1.47 vs mercado ~1.49 = EV -1.3% < 5% exigidos — NO se acepta ($0)
[01:36:00]   ❌ combo: ventaja_-1.3_insuficiente
[01:39:07]   [copy] tope diario de señales (5) alcanzado
[01:42:08]   [copy] tope diario de señales (5) alcanzado
[01:45:59] [AUTO] pasada (combos RFQ v11)
[01:46:00]   pagina 1: +50 mercados, 0 legs de deportes
[01:46:00]   pagina 2: +50 mercados, 0 legs de deportes
[01:46:01]   pagina 3: +50 mercados, 12 legs de deportes
[01:46:01]   pagina 4: +50 mercados, 45 legs de deportes
[01:46:01]   pagina 5: +50 mercados, 81 legs de deportes
[01:46:01] [COMBO] 2 legs · cuota est. 1.49 · stake $9.03 (AUTO)
[01:46:01]   · Will FC Barcelona win on 2026-09-13? (p=0.85 vol=$324k)
[01:46:01]   · Will Paris Saint-Germain FC win on 2026-09-13? (p=0.79 vol=$77k)
[01:46:02]   RFQ create -> 200 {"rfq_id":"rfq-b159a207633979bad2d4ec62","status":"AWAITING_REQUESTER_ACCEPTANCE","expires_at":1789263967620,"request":{"rfq_id":"rfq-b159a207633979bad2d4ec62",
[01:46:02]   quote: cuota=1.47 blended=0.678 shares=13.11 total=$9.03
[01:46:02]   ⚖️ ventaja insuficiente: RFQ 1.47 vs mercado ~1.49 = EV -1.3% < 5% exigidos — NO se acepta ($0)
[01:46:02]   ❌ combo: ventaja_-1.3_insuficiente
[01:48:13]   [copy] señal TARDÍA Jacksonville State vs. Ohio: él 0.480 → ahora 0.310 (-17.0 pts) · no cuenta
[01:51:14]   [copy] señal TARDÍA Jacksonville State vs. Ohio: él 0.700 → ahora 0.570 (-13.0 pts) · no cuenta
[01:51:27] loop err: The read operation timed out
[01:54:15]   [copy] tope diario de señales (5) alcanzado
[01:56:01] [AUTO] pasada (combos RFQ v11)
[01:56:01]   pagina 1: +50 mercados, 0 legs de deportes
[01:56:02]   pagina 2: +50 mercados, 0 legs de deportes
[01:56:02]   pagina 3: +50 mercados, 12 legs de deportes
[01:56:02]   pagina 4: +50 mercados, 45 legs de deportes
[01:56:03]   pagina 5: +50 mercados, 80 legs de deportes
[01:56:03] [COMBO] 2 legs · cuota est. 1.49 · stake $9.03 (AUTO)
[01:56:03]   · Will FC Barcelona win on 2026-09-13? (p=0.85 vol=$324k)
[01:56:03]   · Will Paris Saint-Germain FC win on 2026-09-13? (p=0.79 vol=$77k)
[01:56:04]   RFQ create -> 200 {"rfq_id":"rfq-25e3c3009b369cdf77c1bd4a","status":"AWAITING_REQUESTER_ACCEPTANCE","expires_at":1789264569366,"request":{"rfq_id":"rfq-25e3c3009b369cdf77c1bd4a",
[01:56:04]   quote: cuota=1.47 blended=0.681 shares=13.05 total=$9.03
[01:56:04]   ⚖️ ventaja insuficiente: RFQ 1.47 vs mercado ~1.49 = EV -1.3% < 5% exigidos — NO se acepta ($0)
[01:56:04]   ❌ combo: ventaja_-1.3_insuficiente
[02:00:21]   [copy] tope diario de señales (5) alcanzado
[02:06:02] [AUTO] pasada (combos RFQ v11)
[02:06:03]   pagina 1: +50 mercados, 0 legs de deportes
[02:06:03]   pagina 2: +50 mercados, 0 legs de deportes
[02:06:03]   pagina 3: +50 mercados, 12 legs de deportes
[02:06:04]   pagina 4: +50 mercados, 46 legs de deportes
[02:06:04]   pagina 5: +50 mercados, 84 legs de deportes
[02:06:04] [COMBO] 2 legs · cuota est. 1.49 · stake $9.03 (AUTO)
[02:06:04]   · Will FC Barcelona win on 2026-09-13? (p=0.85 vol=$325k)
[02:06:04]   · Will Paris Saint-Germain FC win on 2026-09-13? (p=0.79 vol=$77k)
[02:06:05]   RFQ create -> 200 {"rfq_id":"rfq-fb3d368c2c12e4f94bf31efe","status":"AWAITING_REQUESTER_ACCEPTANCE","expires_at":1789265170469,"request":{"rfq_id":"rfq-fb3d368c2c12e4f94bf31efe",
[02:06:05]   quote: cuota=1.47 blended=0.679 shares=13.08 total=$9.03
[02:06:05]   ⚖️ ventaja insuficiente: RFQ 1.47 vs mercado ~1.49 = EV -1.3% < 5% exigidos — NO se acepta ($0)
[02:06:05]   ❌ combo: ventaja_-1.3_insuficiente
[02:12:28]   [copy] señal TARDÍA Will Sporting Kansas City vs. Los Angeles FC end in a draw?: él 0.836 → ahora 0.915 (+7.9 pts) · no cuenta
[02:15:35] loop err: The read operation timed out
[02:16:04] [AUTO] pasada (combos RFQ v11)
[02:16:05]   pagina 1: +50 mercados, 0 legs de deportes
[02:16:05]   pagina 2: +50 mercados, 0 legs de deportes
[02:16:06]   pagina 3: +50 mercados, 13 legs de deportes
[02:16:06]   pagina 4: +50 mercados, 48 legs de deportes
[02:16:06]   pagina 5: +50 mercados, 91 legs de deportes
[02:16:06] [COMBO] 2 legs · cuota est. 1.49 · stake $9.03 (AUTO)
[02:16:06]   · Will FC Barcelona win on 2026-09-13? (p=0.85 vol=$326k)
[02:16:06]   · Will Paris Saint-Germain FC win on 2026-09-13? (p=0.79 vol=$77k)
[02:16:07]   RFQ create -> 200 {"rfq_id":"rfq-27a31bafee31e4c3bcae7ca3","status":"AWAITING_REQUESTER_ACCEPTANCE","expires_at":1789265772724,"request":{"rfq_id":"rfq-27a31bafee31e4c3bcae7ca3",
[02:16:07]   quote: cuota=1.47 blended=0.682 shares=13.04 total=$9.03
[02:16:07]   ⚖️ ventaja insuficiente: RFQ 1.47 vs mercado ~1.49 = EV -1.3% < 5% exigidos — NO se acepta ($0)
[02:16:07]   ❌ combo: ventaja_-1.3_insuficiente
[02:17:18]   v12.8.3: 487 fills reales de la wallet (evidencia de cadena)
[02:17:18]   verdad: 30 cobros REDEEM>0 por token + 82 por título (82 registros)
[02:17:24]   [auditoria:auto] APLICADA reabiertas=0 corregidas=0 confirmadas=58 manuales=0 nuevas=3 sin_datos=0 · PnL archivadas -1.83→-0.66
[02:17:25]   💰 reclamar: 2 ganada(s) sin cobrar (~$28.89) → aviso
[02:18:30]   [copy] tope diario de señales (5) alcanzado
[02:21:32]   [copy] señal TARDÍA Will Real Salt Lake win on 2026-09-12?: él 0.590 → ahora 0.765 (+17.5 pts) · no cuenta
[02:23:00] loop err: The read operation timed out
[02:26:08] [AUTO] pasada (combos RFQ v11)
[02:26:08]   pagina 1: +50 mercados, 0 legs de deportes
[02:26:09]   pagina 2: +50 mercados, 0 legs de deportes
[02:26:09]   pagina 3: +50 mercados, 12 legs de deportes
[02:26:09]   pagina 4: +50 mercados, 44 legs de deportes
[02:26:10]   pagina 5: +50 mercados, 82 legs de deportes
[02:26:10] [COMBO] 2 legs · cuota est. 1.49 · stake $9.03 (AUTO)
[02:26:10]   · Will FC Barcelona win on 2026-09-13? (p=0.85 vol=$327k)
[02:26:10]   · Will Paris Saint-Germain FC win on 2026-09-13? (p=0.79 vol=$77k)
[02:26:11]   RFQ create -> 200 {"rfq_id":"rfq-a5ec249d4d1826071afd8e53","status":"AWAITING_REQUESTER_ACCEPTANCE","expires_at":1789266376122,"request":{"rfq_id":"rfq-a5ec249d4d1826071afd8e53",
[02:26:11]   quote: cuota=1.46 blended=0.686 shares=12.96 total=$9.03
[02:26:11]   ⚖️ ventaja insuficiente: RFQ 1.46 vs mercado ~1.49 = EV -2.0% < 5% exigidos — NO se acepta ($0)
[02:26:11]   ❌ combo: ventaja_-2.0_insuficiente
[02:33:39]   [copy] tope diario de señales (5) alcanzado
[02:36:09] [AUTO] pasada (combos RFQ v11)
[02:36:09]   pagina 1: +50 mercados, 0 legs de deportes
[02:36:10]   pagina 2: +50 mercados, 0 legs de deportes
[02:36:10]   pagina 3: +50 mercados, 13 legs de deportes
[02:36:10]   pagina 4: +50 mercados, 46 legs de deportes
[02:36:11]   pagina 5: +50 mercados, 86 legs de deportes
[02:36:11] [COMBO] 2 legs · cuota est. 1.49 · stake $9.03 (AUTO)
[02:36:11]   · Will FC Barcelona win on 2026-09-13? (p=0.85 vol=$327k)
[02:36:11]   · Will Paris Saint-Germain FC win on 2026-09-13? (p=0.79 vol=$77k)
[02:36:42]   RFQ create -> 200 {"rfq_id":"rfq-e5dfbcde6b1595c966906f12","status":"AWAITING_REQUESTER_ACCEPTANCE","expires_at":1789267007152,"request":{"rfq_id":"rfq-e5dfbcde6b1595c966906f12",
[02:36:42]   quote: cuota=1.47 blended=0.679 shares=13.09 total=$9.03
[02:36:42]   ⚖️ ventaja insuficiente: RFQ 1.47 vs mercado ~1.49 = EV -1.3% < 5% exigidos — NO se acepta ($0)
[02:36:42]   ❌ combo: ventaja_-1.3_insuficiente
[02:36:43]   [copy] ronda: 0 señal(es) nueva(s) · 0 compra(s) repetida(s) fusionada(s) · 1 resuelta(s) · dedup 258 fills
[02:39:38] loop err: The read operation timed out
[02:46:11] [AUTO] pasada (combos RFQ v11)
[02:46:11]   pagina 1: +50 mercados, 0 legs de deportes
[02:46:12]   pagina 2: +50 mercados, 1 legs de deportes
[02:46:12]   pagina 3: +50 mercados, 12 legs de deportes
[02:46:12]   pagina 4: +50 mercados, 49 legs de deportes
[02:46:13]   pagina 5: +50 mercados, 88 legs de deportes
[02:46:13] [COMBO] 2 legs · cuota est. 1.49 · stake $9.03 (AUTO)
[02:46:13]   · Will FC Barcelona win on 2026-09-13? (p=0.85 vol=$328k)
[02:46:13]   · Will Paris Saint-Germain FC win on 2026-09-13? (p=0.79 vol=$83k)
[02:46:14]   RFQ create -> 200 {"rfq_id":"rfq-5674257e2d17bce3e33cdb97","status":"AWAITING_REQUESTER_ACCEPTANCE","expires_at":1789267578986,"request":{"rfq_id":"rfq-5674257e2d17bce3e33cdb97",
[02:46:14]   quote: cuota=1.47 blended=0.682 shares=13.04 total=$9.03
[02:46:14]   ⚖️ ventaja insuficiente: RFQ 1.47 vs mercado ~1.49 = EV -1.3% < 5% exigidos — NO se acepta ($0)
[02:46:14]   ❌ combo: ventaja_-1.3_insuficiente
[02:46:50] loop err: The read operation timed out
[02:51:50]   [copy] tope diario de señales (5) alcanzado
[02:56:12] [AUTO] pasada (combos RFQ v11)
[02:56:12]   pagina 1: +50 mercados, 0 legs de deportes
[02:56:13]   pagina 2: +50 mercados, 1 legs de deportes
[02:56:13]   pagina 3: +50 mercados, 12 legs de deportes
[02:56:13]   pagina 4: +50 mercados, 45 legs de deportes
[02:56:14]   pagina 5: +50 mercados, 85 legs de deportes
[02:56:14] [COMBO] 2 legs · cuota est. 1.49 · stake $9.03 (AUTO)
[02:56:14]   · Will FC Barcelona win on 2026-09-13? (p=0.85 vol=$330k)
[02:56:14]   · Will Paris Saint-Germain FC win on 2026-09-13? (p=0.79 vol=$83k)
[02:56:15]   RFQ create -> 200 {"rfq_id":"rfq-1f49b3929e97a03b9994bfe6","status":"AWAITING_REQUESTER_ACCEPTANCE","expires_at":1789268180047,"request":{"rfq_id":"rfq-1f49b3929e97a03b9994bfe6",
[02:56:15]   quote: cuota=1.47 blended=0.679 shares=13.08 total=$9.03
[02:56:15]   ⚖️ ventaja insuficiente: RFQ 1.47 vs mercado ~1.49 = EV -1.3% < 5% exigidos — NO se acepta ($0)
[02:56:15]   ❌ combo: ventaja_-1.3_insuficiente
[03:00:57]   [copy] tope diario de señales (5) alcanzado
[03:06:13] [AUTO] pasada (combos RFQ v11)
[03:06:13]   pagina 1: +50 mercados, 0 legs de deportes
[03:06:14]   pagina 2: +50 mercados, 1 legs de deportes
[03:06:14]   pagina 3: +50 mercados, 12 legs de deportes
[03:06:14]   pagina 4: +50 mercados, 45 legs de deportes
[03:06:15]   pagina 5: +50 mercados, 81 legs de deportes
[03:06:15] [COMBO] 2 legs · cuota est. 1.49 · stake $9.03 (AUTO)
[03:06:15]   · Will FC Barcelona win on 2026-09-13? (p=0.85 vol=$330k)
[03:06:15]   · Will Paris Saint-Germain FC win on 2026-09-13? (p=0.79 vol=$83k)
[03:06:16]   RFQ create -> 200 {"rfq_id":"rfq-f55811e148ce38239b18b1a5","status":"AWAITING_REQUESTER_ACCEPTANCE","expires_at":1789268781102,"request":{"rfq_id":"rfq-f55811e148ce38239b18b1a5",
[03:06:16]   quote: cuota=1.46 blended=0.683 shares=13.01 total=$9.03
[03:06:16]   ⚖️ ventaja insuficiente: RFQ 1.46 vs mercado ~1.49 = EV -2.0% < 5% exigidos — NO se acepta ($0)
[03:06:16]   ❌ combo: ventaja_-2.0_insuficiente
[03:07:02]   [copy] tope diario de señales (5) alcanzado
[03:10:03]   [copy] tope diario de señales (5) alcanzado
[03:16:15] [AUTO] pasada (combos RFQ v11)
[03:16:15]   pagina 1: +50 mercados, 0 legs de deportes
[03:16:16]   pagina 2: +50 mercados, 0 legs de deportes
[03:16:16]   pagina 3: +50 mercados, 10 legs de deportes
[03:16:16]   pagina 4: +50 mercados, 45 legs de deportes
[03:16:17]   pagina 5: +50 mercados, 79 legs de deportes
[03:16:17] [COMBO] 2 legs · cuota est. 1.4 · stake $9.29 (AUTO)
[03:16:17]   · Will FC Barcelona win on 2026-09-13? (p=0.85 vol=$331k)
[03:16:17]   · LoL: Bilibili Gaming vs Anyone's Legend (BO5) - LPL Play (p=0.83 vol=$84k)
[03:16:18]   RFQ create -> 200 {"rfq_id":"rfq-8513138ee362a9434888eb78","status":"AWAITING_REQUESTER_ACCEPTANCE","expires_at":1789269383159,"request":{"rfq_id":"rfq-8513138ee362a9434888eb78",
[03:16:18]   quote: cuota=1.38 blended=0.725 shares=12.63 total=$9.28
[03:16:18]   ⚖️ ventaja insuficiente: RFQ 1.38 vs mercado ~1.4 = EV -1.4% < 5% exigidos — NO se acepta ($0)
[03:16:18]   ❌ combo: ventaja_-1.4_insuficiente
[03:19:09]   [copy] tope diario de señales (5) alcanzado
[03:19:09]   [copy] ronda: 0 señal(es) nueva(s) · 0 compra(s) repetida(s) fusionada(s) · 1 resuelta(s) · dedup 263 fills
[03:22:10]   [copy] tope diario de señales (5) alcanzado
[03:25:11]   [copy] tope diario de señales (5) alcanzado
[03:26:16] [AUTO] pasada (combos RFQ v11)
[03:26:16]   pagina 1: +50 mercados, 0 legs de deportes
[03:26:17]   pagina 2: +50 mercados, 0 legs de deportes
[03:26:17]   pagina 3: +50 mercados, 11 legs de deportes
[03:26:17]   pagina 4: +50 mercados, 48 legs de deportes
[03:26:18]   pagina 5: +50 mercados, 85 legs de deportes
[03:26:18] [COMBO] 2 legs · cuota est. 1.4 · stake $9.29 (AUTO)
[03:26:18]   · Will FC Barcelona win on 2026-09-13? (p=0.85 vol=$331k)
[03:26:18]   · LoL: Bilibili Gaming vs Anyone's Legend (BO5) - LPL Play (p=0.83 vol=$84k)
[03:26:19]   RFQ create -> 200 {"rfq_id":"rfq-325b5c7051e71b46b7390db7","status":"AWAITING_REQUESTER_ACCEPTANCE","expires_at":1789269984020,"request":{"rfq_id":"rfq-325b5c7051e71b46b7390db7",
[03:26:19]   quote: cuota=1.38 blended=0.724 shares=12.65 total=$9.29
[03:26:19]   ⚖️ ventaja insuficiente: RFQ 1.38 vs mercado ~1.4 = EV -1.4% < 5% exigidos — NO se acepta ($0)
[03:26:19]   ❌ combo: ventaja_-1.4_insuficiente
[03:28:14]   [copy] señal TARDÍA Cal Poly vs. San Jose State: él 0.700 → ahora 0.765 (+6.5 pts) · no cuenta
[03:36:17] [AUTO] pasada (combos RFQ v11)
[03:36:17]   pagina 1: +50 mercados, 0 legs de deportes
[03:36:17]   pagina 2: +50 mercados, 0 legs de deportes
[03:36:18]   pagina 3: +50 mercados, 12 legs de deportes
[03:36:18]   pagina 4: +50 mercados, 50 legs de deportes
[03:36:19]   pagina 5: +50 mercados, 84 legs de deportes
[03:36:19] [COMBO] 2 legs · cuota est. 1.4 · stake $9.29 (AUTO)
[03:36:19]   · Will FC Barcelona win on 2026-09-13? (p=0.85 vol=$331k)
[03:36:19]   · LoL: Bilibili Gaming vs Anyone's Legend (BO5) - LPL Play (p=0.83 vol=$84k)
[03:36:20]   RFQ create -> 200 {"rfq_id":"rfq-d5e47d12b31e63c0e89f2c26","status":"AWAITING_REQUESTER_ACCEPTANCE","expires_at":1789270584962,"request":{"rfq_id":"rfq-d5e47d12b31e63c0e89f2c26",
[03:36:20]   quote: cuota=1.38 blended=0.724 shares=12.65 total=$9.29
[03:36:20]   ⚖️ ventaja insuficiente: RFQ 1.38 vs mercado ~1.4 = EV -1.4% < 5% exigidos — NO se acepta ($0)
[03:36:20]   ❌ combo: ventaja_-1.4_insuficiente
[03:37:21]   [copy] ronda: 0 señal(es) nueva(s) · 0 compra(s) repetida(s) fusionada(s) · 1 resuelta(s) · dedup 266 fills
[03:46:18] [AUTO] pasada (combos RFQ v11)
[03:46:18]   pagina 1: +50 mercados, 0 legs de deportes
[03:46:18]   pagina 2: +50 mercados, 0 legs de deportes
[03:46:19]   pagina 3: +50 mercados, 13 legs de deportes
[03:46:19]   pagina 4: +50 mercados, 49 legs de deportes
[03:46:19]   pagina 5: +50 mercados, 84 legs de deportes
[03:46:19] [COMBO] 2 legs · cuota est. 1.4 · stake $9.29 (AUTO)
[03:46:19]   · Will FC Barcelona win on 2026-09-13? (p=0.85 vol=$335k)
[03:46:19]   · LoL: Bilibili Gaming vs Anyone's Legend (BO5) - LPL Play (p=0.83 vol=$87k)
[03:46:20]   RFQ create -> 200 {"rfq_id":"rfq-30a8dc351131ba0b65f7f50d","status":"AWAITING_REQUESTER_ACCEPTANCE","expires_at":1789271185754,"request":{"rfq_id":"rfq-30a8dc351131ba0b65f7f50d",
[03:46:20]   quote: cuota=1.37 blended=0.729 shares=12.58 total=$9.29
[03:46:20]   ⚖️ ventaja insuficiente: RFQ 1.37 vs mercado ~1.4 = EV -2.1% < 5% exigidos — NO se acepta ($0)
[03:46:20]   ❌ combo: ventaja_-2.1_insuficiente
[03:56:19] [AUTO] pasada (combos RFQ v11)
[03:56:20]   pagina 1: +50 mercados, 0 legs de deportes
[03:56:20]   pagina 2: +50 mercados, 0 legs de deportes
[03:56:20]   pagina 3: +50 mercados, 14 legs de deportes
[03:56:21]   pagina 4: +50 mercados, 51 legs de deportes
[03:56:21]   pagina 5: +50 mercados, 85 legs de deportes
[03:56:21] [COMBO] 2 legs · cuota est. 1.4 · stake $9.29 (AUTO)
[03:56:21]   · Will FC Barcelona win on 2026-09-13? (p=0.85 vol=$338k)
[03:56:21]   · LoL: Bilibili Gaming vs Anyone's Legend (BO5) - LPL Play (p=0.83 vol=$87k)
[03:56:22]   RFQ create -> 200 {"rfq_id":"rfq-0c70c600e7ca0a7ad5d65afd","status":"AWAITING_REQUESTER_ACCEPTANCE","expires_at":1789271787500,"request":{"rfq_id":"rfq-0c70c600e7ca0a7ad5d65afd",
[03:56:22]   quote: cuota=1.38 blended=0.722 shares=12.69 total=$9.29
[03:56:22]   ⚖️ ventaja insuficiente: RFQ 1.38 vs mercado ~1.4 = EV -1.4% < 5% exigidos — NO se acepta ($0)
[03:56:22]   ❌ combo: ventaja_-1.4_insuficiente
[03:58:33]   [copy] tope diario de señales (5) alcanzado
[04:06:20] [AUTO] pasada (combos RFQ v11)
[04:06:21]   pagina 1: +50 mercados, 0 legs de deportes
[04:06:21]   pagina 2: +50 mercados, 0 legs de deportes
[04:06:21]   pagina 3: +50 mercados, 14 legs de deportes
[04:06:22]   pagina 4: +50 mercados, 54 legs de deportes
[04:06:22]   pagina 5: +50 mercados, 93 legs de deportes
[04:06:22] [COMBO] 2 legs · cuota est. 1.4 · stake $9.29 (AUTO)
[04:06:22]   · Will FC Barcelona win on 2026-09-13? (p=0.85 vol=$338k)
[04:06:22]   · LoL: Bilibili Gaming vs Anyone's Legend (BO5) - LPL Play (p=0.83 vol=$87k)
[04:06:23]   RFQ create -> 200 {"rfq_id":"rfq-d48046c92fd8554b9058c6b6","status":"AWAITING_REQUESTER_ACCEPTANCE","expires_at":1789272388463,"request":{"rfq_id":"rfq-d48046c92fd8554b9058c6b6",
[04:06:23]   quote: cuota=1.39 blended=0.722 shares=12.70 total=$9.29
[04:06:23]   ⚖️ ventaja insuficiente: RFQ 1.39 vs mercado ~1.4 = EV -0.7% < 5% exigidos — NO se acepta ($0)
[04:06:23]   ❌ combo: ventaja_-0.7_insuficiente
[04:16:21] [AUTO] pasada (combos RFQ v11)
[04:16:21]   pagina 1: +50 mercados, 0 legs de deportes
[04:16:22]   pagina 2: +50 mercados, 0 legs de deportes
[04:16:22]   pagina 3: +50 mercados, 15 legs de deportes
[04:16:23]   pagina 4: +50 mercados, 55 legs de deportes
[04:16:23]   pagina 5: +50 mercados, 92 legs de deportes
[04:16:23] [COMBO] 2 legs · cuota est. 1.4 · stake $9.29 (AUTO)
[04:16:23]   · Will FC Barcelona win on 2026-09-13? (p=0.85 vol=$343k)
[04:16:23]   · LoL: Bilibili Gaming vs Anyone's Legend (BO5) - LPL Play (p=0.83 vol=$88k)
[04:16:24]   RFQ create -> 200 {"rfq_id":"rfq-e891721b210665619bb94515","status":"AWAITING_REQUESTER_ACCEPTANCE","expires_at":1789272989217,"request":{"rfq_id":"rfq-e891721b210665619bb94515",
[04:16:24]   quote: cuota=1.38 blended=0.726 shares=12.63 total=$9.29
[04:16:24]   ⚖️ ventaja insuficiente: RFQ 1.38 vs mercado ~1.4 = EV -1.4% < 5% exigidos — NO se acepta ($0)
[04:16:24]   ❌ combo: ventaja_-1.4_insuficiente
[04:19:46]   [copy] tope diario de señales (5) alcanzado
[04:19:50] loop err: The read operation timed out
[04:22:47]   [copy] tope diario de señales (5) alcanzado
[04:25:48]   [copy] tope diario de señales (5) alcanzado
[04:26:23] [AUTO] pasada (combos RFQ v11)
[04:26:24]   pagina 1: +50 mercados, 0 legs de deportes
[04:26:24]   pagina 2: +50 mercados, 0 legs de deportes
[04:26:24]   pagina 3: +50 mercados, 15 legs de deportes
[04:26:25]   pagina 4: +50 mercados, 54 legs de deportes
[04:26:25]   pagina 5: +50 mercados, 90 legs de deportes
[04:26:25] [COMBO] 2 legs · cuota est. 1.4 · stake $9.29 (AUTO)
[04:26:25]   · Will FC Barcelona win on 2026-09-13? (p=0.85 vol=$352k)
[04:26:25]   · LoL: Bilibili Gaming vs Anyone's Legend (BO5) - LPL Play (p=0.83 vol=$88k)
[04:26:26]   RFQ create -> 200 {"rfq_id":"rfq-9398e2ea698004159b19393b","status":"AWAITING_REQUESTER_ACCEPTANCE","expires_at":1789273591185,"request":{"rfq_id":"rfq-9398e2ea698004159b19393b",
[04:26:26]   quote: cuota=1.39 blended=0.720 shares=12.72 total=$9.29
[04:26:26]   ⚖️ ventaja insuficiente: RFQ 1.39 vs mercado ~1.4 = EV -0.7% < 5% exigidos — NO se acepta ($0)
[04:26:26]   ❌ combo: ventaja_-0.7_insuficiente
[04:27:25] loop err: The read operation timed out
[04:28:52]   [copy] tope diario de señales (5) alcanzado
[04:31:53]   [copy] tope diario de señales (5) alcanzado
[04:36:24] [AUTO] pasada (combos RFQ v11)
[04:36:25]   pagina 1: +50 mercados, 0 legs de deportes
[04:36:25]   pagina 2: +50 mercados, 0 legs de deportes
[04:36:25]   pagina 3: +50 mercados, 14 legs de deportes
[04:36:26]   pagina 4: +50 mercados, 53 legs de deportes
[04:36:26]   pagina 5: +50 mercados, 89 legs de deportes
[04:36:26] [COMBO] 2 legs · cuota est. 1.4 · stake $9.29 (AUTO)
[04:36:26]   · Will FC Barcelona win on 2026-09-13? (p=0.85 vol=$352k)
[04:36:26]   · LoL: Bilibili Gaming vs Anyone's Legend (BO5) - LPL Play (p=0.83 vol=$88k)
[04:36:48]   RFQ create -> 200 {"rfq_id":"rfq-15f463fc126105830ff12bd1","status":"AWAITING_REQUESTER_ACCEPTANCE","expires_at":1789274213130,"request":{"rfq_id":"rfq-15f463fc126105830ff12bd1",
[04:36:48]   quote: cuota=1.39 blended=0.718 shares=12.75 total=$9.29
[04:36:48]   ⚖️ ventaja insuficiente: RFQ 1.39 vs mercado ~1.4 = EV -0.7% < 5% exigidos — NO se acepta ($0)
[04:36:48]   ❌ combo: ventaja_-0.7_insuficiente
[04:44:01]   [copy] tope diario de señales (5) alcanzado
[04:46:26] [AUTO] pasada (combos RFQ v11)
[04:46:27]   pagina 1: +50 mercados, 0 legs de deportes
[04:46:27]   pagina 2: +50 mercados, 0 legs de deportes
[04:46:27]   pagina 3: +50 mercados, 14 legs de deportes
[04:46:28]   pagina 4: +50 mercados, 54 legs de deportes
[04:46:28]   pagina 5: +50 mercados, 84 legs de deportes
[04:46:28] [COMBO] 2 legs · cuota est. 1.5 · stake $9.0 (AUTO)
[04:46:28]   · Will FC Barcelona win on 2026-09-13? (p=0.85 vol=$360k)
[04:46:28]   · Spread: Hawai'i (-7.5) (p=0.78 vol=$140k)
[04:46:29]   RFQ create -> 200 {"rfq_id":"rfq-07f9c1b996ce92fd378bde3b","status":"AWAITING_REQUESTER_ACCEPTANCE","expires_at":1789274794285,"request":{"rfq_id":"rfq-07f9c1b996ce92fd378bde3b",
[04:46:29]   quote: cuota=1.35 blended=0.740 shares=12.00 total=$9.00
[04:46:29]   ⚖️ ventaja insuficiente: RFQ 1.35 vs mercado ~1.5 = EV -10.0% < 5% exigidos — NO se acepta ($0)
[04:46:29]   ❌ combo: ventaja_-10.0_insuficiente
[04:50:06]   [copy] tope diario de señales (5) alcanzado
[04:52:33] loop err: The read operation timed out
[04:56:28] [AUTO] pasada (combos RFQ v11)
[04:56:29]   pagina 1: +50 mercados, 0 legs de deportes
[04:56:30]   pagina 2: +50 mercados, 0 legs de deportes
[04:56:30]   pagina 3: +50 mercados, 14 legs de deportes
[04:56:30]   pagina 4: +50 mercados, 54 legs de deportes
[04:56:31]   pagina 5: +50 mercados, 90 legs de deportes
[04:56:31] [COMBO] 2 legs · cuota est. 1.35 · stake $9.44 (AUTO)
[04:56:31]   · Will FC Barcelona win on 2026-09-13? (p=0.85 vol=$383k)
[04:56:31]   · Spread: Hawai'i (-7.5) (p=0.86 vol=$140k)
[04:56:32]   RFQ create -> 200 {"rfq_id":"rfq-63332cf465571823316c4708","status":"AWAITING_REQUESTER_ACCEPTANCE","expires_at":1789275397133,"request":{"rfq_id":"rfq-63332cf465571823316c4708",
[04:56:32]   quote: cuota=1.34 blended=0.744 shares=12.53 total=$9.44
[04:56:32]   ⚖️ ventaja insuficiente: RFQ 1.34 vs mercado ~1.35 = EV -0.7% < 5% exigidos — NO se acepta ($0)
[04:56:32]   ❌ combo: ventaja_-0.7_insuficiente
[05:06:30] [AUTO] pasada (combos RFQ v11)
[05:06:30]   pagina 1: +50 mercados, 0 legs de deportes
[05:06:31]   pagina 2: +50 mercados, 0 legs de deportes
[05:06:31]   pagina 3: +50 mercados, 12 legs de deportes
[05:06:31]   pagina 4: +50 mercados, 52 legs de deportes
[05:06:32]   pagina 5: +50 mercados, 90 legs de deportes
[05:06:32] [COMBO] 2 legs · cuota est. 1.51 · stake $8.97 (AUTO)
[05:06:32]   · Will FC Barcelona win on 2026-09-13? (p=0.85 vol=$383k)
[05:06:32]   · Spread: Hawai'i (-7.5) (p=0.78 vol=$140k)
[05:06:33]   RFQ create -> 200 {"rfq_id":"rfq-3dd7d9998fa624422202dd6b","status":"AWAITING_REQUESTER_ACCEPTANCE","expires_at":1789275997972,"request":{"rfq_id":"rfq-3dd7d9998fa624422202dd6b",
[05:06:33]   quote: cuota=1.35 blended=0.739 shares=11.98 total=$8.97
[05:06:33]   ⚖️ ventaja insuficiente: RFQ 1.35 vs mercado ~1.51 = EV -10.6% < 5% exigidos — NO se acepta ($0)
[05:06:33]   ❌ combo: ventaja_-10.6_insuficiente
[05:14:20]   [copy] tope diario de señales (5) alcanzado
[05:16:30] [AUTO] pasada (combos RFQ v11)
[05:16:31]   pagina 1: +50 mercados, 0 legs de deportes
[05:16:31]   pagina 2: +50 mercados, 0 legs de deportes
[05:16:32]   pagina 3: +50 mercados, 12 legs de deportes
[05:16:32]   pagina 4: +50 mercados, 51 legs de deportes
[05:16:32]   pagina 5: +50 mercados, 89 legs de deportes
[05:16:32] [COMBO] 2 legs · cuota est. 1.4 · stake $9.29 (AUTO)
[05:16:32]   · Will FC Barcelona win on 2026-09-13? (p=0.85 vol=$400k)
[05:16:32]   · LoL: Bilibili Gaming vs Anyone's Legend (BO5) - LPL Play (p=0.83 vol=$90k)
[05:16:33]   RFQ create -> 200 {"rfq_id":"rfq-1be2338774584ab427d1c5c1","status":"AWAITING_REQUESTER_ACCEPTANCE","expires_at":1789276598588,"request":{"rfq_id":"rfq-1be2338774584ab427d1c5c1",
[05:16:33]   quote: cuota=1.39 blended=0.721 shares=12.71 total=$9.29
[05:16:33]   ⚖️ ventaja insuficiente: RFQ 1.39 vs mercado ~1.4 = EV -0.7% < 5% exigidos — NO se acepta ($0)
[05:16:33]   ❌ combo: ventaja_-0.7_insuficiente
[05:17:24]   [copy] tope diario de señales (5) alcanzado
[05:20:25]   [copy] tope diario de señales (5) alcanzado
[05:23:26]   [copy] tope diario de señales (5) alcanzado
[05:26:26]   [copy] tope diario de señales (5) alcanzado
[05:26:32] [AUTO] pasada (combos RFQ v11)
[05:26:33]   pagina 1: +50 mercados, 0 legs de deportes
[05:26:34]   pagina 2: +50 mercados, 1 legs de deportes
[05:26:34]   pagina 3: +50 mercados, 13 legs de deportes
[05:26:34]   pagina 4: +50 mercados, 53 legs de deportes
[05:26:35]   pagina 5: +50 mercados, 94 legs de deportes
[05:26:35] [COMBO] 2 legs · cuota est. 1.4 · stake $9.29 (AUTO)
[05:26:35]   · Will FC Barcelona win on 2026-09-13? (p=0.85 vol=$422k)
[05:26:35]   · LoL: Bilibili Gaming vs Anyone's Legend (BO5) - LPL Play (p=0.83 vol=$91k)
[05:26:36]   RFQ create -> 200 {"rfq_id":"rfq-cd897963105bb1d97cec7a99","status":"AWAITING_REQUESTER_ACCEPTANCE","expires_at":1789277201030,"request":{"rfq_id":"rfq-cd897963105bb1d97cec7a99",
[05:26:36]   quote: cuota=1.39 blended=0.721 shares=12.71 total=$9.29
[05:26:36]   ⚖️ ventaja insuficiente: RFQ 1.39 vs mercado ~1.4 = EV -0.7% < 5% exigidos — NO se acepta ($0)
[05:26:36]   ❌ combo: ventaja_-0.7_insuficiente
[05:29:22] loop err: The read operation timed out
[05:29:31]   [copy] tope diario de señales (5) alcanzado
[05:32:32]   [copy] tope diario de señales (5) alcanzado
[05:35:33]   [copy] tope diario de señales (5) alcanzado
[05:36:33] [AUTO] pasada (combos RFQ v11)
[05:36:34]   pagina 1: +50 mercados, 0 legs de deportes
[05:36:34]   pagina 2: +50 mercados, 1 legs de deportes
[05:36:35]   pagina 3: +50 mercados, 13 legs de deportes
[05:36:35]   pagina 4: +50 mercados, 54 legs de deportes
[05:36:35]   pagina 5: +50 mercados, 95 legs de deportes
[05:36:35] [COMBO] 2 legs · cuota est. 1.42 · stake $9.23 (AUTO)
[05:36:35]   · Will FC Barcelona win on 2026-09-13? (p=0.84 vol=$422k)
[05:36:35]   · LoL: Bilibili Gaming vs Anyone's Legend (BO5) - LPL Play (p=0.83 vol=$91k)
[05:36:36]   RFQ create -> 200 {"rfq_id":"rfq-7ec43834d460cd307213840e","status":"AWAITING_REQUESTER_ACCEPTANCE","expires_at":1789277801527,"request":{"rfq_id":"rfq-7ec43834d460cd307213840e",
[05:36:36]   quote: cuota=1.4 blended=0.714 shares=12.74 total=$9.23
[05:36:36]   ⚖️ ventaja insuficiente: RFQ 1.4 vs mercado ~1.42 = EV -1.4% < 5% exigidos — NO se acepta ($0)
[05:36:36]   ❌ combo: ventaja_-1.4_insuficiente
[05:41:38]   [copy] tope diario de señales (5) alcanzado
[05:46:35] [AUTO] pasada (combos RFQ v11)
[05:46:35]   pagina 1: +50 mercados, 0 legs de deportes
[05:46:35]   pagina 2: +50 mercados, 1 legs de deportes
[05:46:36]   pagina 3: +50 mercados, 13 legs de deportes
[05:46:36]   pagina 4: +50 mercados, 54 legs de deportes
[05:46:36]   pagina 5: +50 mercados, 96 legs de deportes
[05:46:36] [COMBO] 2 legs · cuota est. 1.42 · stake $9.23 (AUTO)
[05:46:36]   · Will FC Barcelona win on 2026-09-13? (p=0.84 vol=$460k)
[05:46:36]   · LoL: Bilibili Gaming vs Anyone's Legend (BO5) - LPL Play (p=0.83 vol=$93k)
[05:46:37]   RFQ create -> 200 {"rfq_id":"rfq-c1b04182a12aeb9ae60a2504","status":"AWAITING_REQUESTER_ACCEPTANCE","expires_at":1789278402780,"request":{"rfq_id":"rfq-c1b04182a12aeb9ae60a2504",
[05:46:37]   quote: cuota=1.39 blended=0.720 shares=12.64 total=$9.23
[05:46:37]   ⚖️ ventaja insuficiente: RFQ 1.39 vs mercado ~1.42 = EV -2.1% < 5% exigidos — NO se acepta ($0)
[05:47:08]   ❌ combo: ventaja_-2.1_insuficiente
[05:56:35] [AUTO] pasada (combos RFQ v11)
[05:56:39]   pagina 1: +50 mercados, 0 legs de deportes
[05:56:39]   pagina 2: +50 mercados, 1 legs de deportes
[05:56:40]   pagina 3: +50 mercados, 13 legs de deportes
[05:56:40]   pagina 4: +50 mercados, 55 legs de deportes
[05:56:40]   pagina 5: +50 mercados, 97 legs de deportes
[05:56:40] [COMBO] 2 legs · cuota est. 1.42 · stake $9.23 (AUTO)
[05:56:40]   · Will FC Barcelona win on 2026-09-13? (p=0.84 vol=$465k)
[05:56:40]   · LoL: Bilibili Gaming vs Anyone's Legend (BO5) - LPL Play (p=0.83 vol=$93k)
[05:56:41]   RFQ create -> 200 {"rfq_id":"rfq-2b2af1b9feaeb99011311082","status":"AWAITING_REQUESTER_ACCEPTANCE","expires_at":1789279006489,"request":{"rfq_id":"rfq-2b2af1b9feaeb99011311082",
[05:56:41]   quote: cuota=1.39 blended=0.720 shares=12.65 total=$9.23
[05:56:41]   ⚖️ ventaja insuficiente: RFQ 1.39 vs mercado ~1.42 = EV -2.1% < 5% exigidos — NO se acepta ($0)
[05:56:41]   ❌ combo: ventaja_-2.1_insuficiente
[06:02:49]   [copy] tope diario de señales (5) alcanzado
[06:05:49]   [copy] tope diario de señales (5) alcanzado
[06:06:40] [AUTO] pasada (combos RFQ v11)
[06:06:40]   pagina 1: +50 mercados, 0 legs de deportes
[06:06:40]   pagina 2: +50 mercados, 1 legs de deportes
[06:06:41]   pagina 3: +50 mercados, 13 legs de deportes
[06:06:41]   pagina 4: +50 mercados, 54 legs de deportes
[06:06:41]   pagina 5: +50 mercados, 95 legs de deportes
[06:06:41] [COMBO] 2 legs · cuota est. 1.42 · stake $9.23 (AUTO)
[06:06:41]   · Will FC Barcelona win on 2026-09-13? (p=0.84 vol=$465k)
[06:06:41]   · LoL: Bilibili Gaming vs Anyone's Legend (BO5) - LPL Play (p=0.83 vol=$93k)
[06:06:42]   RFQ create -> 200 {"rfq_id":"rfq-a6d034e134dd968df7d8171b","status":"AWAITING_REQUESTER_ACCEPTANCE","expires_at":1789279607743,"request":{"rfq_id":"rfq-a6d034e134dd968df7d8171b",
[06:06:42]   quote: cuota=1.39 blended=0.721 shares=12.62 total=$9.23
[06:06:42]   ⚖️ ventaja insuficiente: RFQ 1.39 vs mercado ~1.42 = EV -2.1% < 5% exigidos — NO se acepta ($0)
[06:06:42]   ❌ combo: ventaja_-2.1_insuficiente
[06:11:54]   [copy] tope diario de señales (5) alcanzado
[06:16:40] [AUTO] pasada (combos RFQ v11)
[06:16:41]   pagina 1: +50 mercados, 0 legs de deportes
[06:16:41]   pagina 2: +50 mercados, 1 legs de deportes
[06:16:41]   pagina 3: +50 mercados, 12 legs de deportes
[06:16:42]   pagina 4: +50 mercados, 56 legs de deportes
[06:16:42]   pagina 5: +50 mercados, 98 legs de deportes
[06:16:42] [COMBO] 2 legs · cuota est. 1.42 · stake $9.23 (AUTO)
[06:16:42]   · Will FC Barcelona win on 2026-09-13? (p=0.84 vol=$472k)
[06:16:42]   · LoL: Bilibili Gaming vs Anyone's Legend (BO5) - LPL Play (p=0.83 vol=$93k)
[06:17:13]   RFQ create -> 200 {"rfq_id":"rfq-3df10bfbc679c8fe4143847e","status":"AWAITING_REQUESTER_ACCEPTANCE","expires_at":1789280238355,"request":{"rfq_id":"rfq-3df10bfbc679c8fe4143847e",
[06:17:13]   quote: cuota=1.4 blended=0.716 shares=12.72 total=$9.23
[06:17:13]   ⚖️ ventaja insuficiente: RFQ 1.4 vs mercado ~1.42 = EV -1.4% < 5% exigidos — NO se acepta ($0)
[06:17:13]   ❌ combo: ventaja_-1.4_insuficiente
[06:17:18]   verdad: 32 cobros REDEEM>0 por token + 84 por título (84 registros)
[06:17:25]   [auditoria:auto] APLICADA reabiertas=0 corregidas=0 confirmadas=61 manuales=0 nuevas=0 sin_datos=0 · PnL archivadas -0.66→-0.66
[06:19:43] loop err: The read operation timed out
[06:20:56]   [copy] #1 00gringo00           descartado · concentrado en 2 mercado(s)
[06:20:57]   [copy] sin actividad de 0x224a89db…: HTTP Error 429: Too Many Requests
[06:20:57]   [copy] #2 wr0ngw4yb3tt0r       descartado · inactivo (0 compras en 48 h)
[06:20:57]   [copy] sin actividad de 0xf0318c32…: HTTP Error 429: Too Many Requests
[06:20:57]   [copy] #3 BreakTheBank         descartado · inactivo (0 compras en 48 h)
[06:20:58]   [copy] #4 sainttroplay         descartado · inactivo (0 compras en 48 h)
[06:20:59]   [copy] sin actividad de 0x0f6f76ce…: HTTP Error 429: Too Many Requests
[06:20:59]   [copy] #5 totoro3miyazaki      descartado · inactivo (0 compras en 48 h)
[06:20:59]   [copy] #6 0x2c335066           ELEGIDO · activo (300 compras, 36 mercados, 57% deporte)
[06:21:00]   [copy] sin actividad de 0x3a8aa345…: HTTP Error 429: Too Many Requests
[06:21:00]   [copy] #7 TheReturnOfDarthMaul descartado · inactivo (0 compras en 48 h)
[06:21:00]   [copy] sin actividad de 0x821dab05…: HTTP Error 429: Too Many Requests
[06:21:00]   [copy] #8 Flaznorp             descartado · inactivo (0 compras en 48 h)
[06:21:01]   [copy] #9 pleaseplease123      ELEGIDO · activo (300 compras, 14 mercados, 100% deporte)
[06:21:01]   [copy] #10 ripley86alien        ELEGIDO · activo (74 compras, 3 mercados, 100% deporte)
[06:21:02]   [copy] sin actividad de 0x5a218c7a…: HTTP Error 429: Too Many Requests
[06:21:02]   [copy] #11 balthazar            descartado · inactivo (0 compras en 48 h)
[06:21:02]   [copy] #12 mmklop               descartado · sólo 0% deporte
[06:21:02]   [copy] vigilando 3 traders: 0x2c335066, pleaseplease123, ripley86alien
[06:21:19] loop err: The read operation timed out
[06:26:45] [AUTO] pasada (combos RFQ v11)
[06:26:46]   pagina 1: +50 mercados, 0 legs de deportes
[06:26:46]   pagina 2: +50 mercados, 1 legs de deportes
[06:26:46]   pagina 3: +50 mercados, 13 legs de deportes
[06:26:47]   pagina 4: +50 mercados, 56 legs de deportes
[06:26:47]   pagina 5: +50 mercados, 98 legs de deportes
[06:26:47] [COMBO] 2 legs · cuota est. 1.42 · stake $9.23 (AUTO)
[06:26:47]   · Will FC Barcelona win on 2026-09-13? (p=0.84 vol=$482k)
[06:26:47]   · LoL: Bilibili Gaming vs Anyone's Legend (BO5) - LPL Play (p=0.83 vol=$119k)
[06:26:48]   RFQ create -> 200 {"rfq_id":"rfq-0e79d5c024c8d37638f6f489","status":"AWAITING_REQUESTER_ACCEPTANCE","expires_at":1789280813315,"request":{"rfq_id":"rfq-0e79d5c024c8d37638f6f489",
[06:26:48]   quote: cuota=1.4 blended=0.716 shares=12.72 total=$9.23
[06:26:48]   ⚖️ ventaja insuficiente: RFQ 1.4 vs mercado ~1.42 = EV -1.4% < 5% exigidos — NO se acepta ($0)
[06:26:48]   ❌ combo: ventaja_-1.4_insuficiente
[06:28:44] loop err: The read operation timed out
[06:30:04]   [copy] tope diario de señales (5) alcanzado
[06:33:04]   [copy] tope diario de señales (5) alcanzado
[06:36:05]   [copy] tope diario de señales (5) alcanzado
[06:36:50] [AUTO] pasada (combos RFQ v11)
[06:36:50]   pagina 1: +50 mercados, 0 legs de deportes
[06:36:51]   pagina 2: +50 mercados, 1 legs de deportes
[06:36:51]   pagina 3: +50 mercados, 13 legs de deportes
[06:36:52]   pagina 4: +50 mercados, 56 legs de deportes
[06:36:52]   pagina 5: +50 mercados, 99 legs de deportes
[06:36:52] [COMBO] 2 legs · cuota est. 1.42 · stake $9.23 (AUTO)
[06:36:52]   · Will FC Barcelona win on 2026-09-13? (p=0.84 vol=$482k)
[06:36:52]   · LoL: Bilibili Gaming vs Anyone's Legend (BO5) - LPL Play (p=0.83 vol=$119k)
[06:36:53]   RFQ create -> 200 {"rfq_id":"rfq-9e13ed26aa59dee14fa40fc3","status":"AWAITING_REQUESTER_ACCEPTANCE","expires_at":1789281418328,"request":{"rfq_id":"rfq-9e13ed26aa59dee14fa40fc3",
[06:36:53]   quote: cuota=1.4 blended=0.716 shares=12.72 total=$9.23
[06:36:53]   ⚖️ ventaja insuficiente: RFQ 1.4 vs mercado ~1.42 = EV -1.4% < 5% exigidos — NO se acepta ($0)
[06:36:53]   ❌ combo: ventaja_-1.4_insuficiente
[06:46:51] [AUTO] pasada (combos RFQ v11)
[06:46:52]   pagina 1: +50 mercados, 0 legs de deportes
[06:46:52]   pagina 2: +50 mercados, 1 legs de deportes
[06:46:53]   pagina 3: +50 mercados, 13 legs de deportes
[06:46:53]   pagina 4: +50 mercados, 56 legs de deportes
[06:46:53]   pagina 5: +50 mercados, 99 legs de deportes
[06:46:53] [COMBO] 2 legs · cuota est. 1.42 · stake $9.23 (AUTO)
[06:46:53]   · Will FC Barcelona win on 2026-09-13? (p=0.84 vol=$489k)
[06:46:53]   · LoL: Bilibili Gaming vs Anyone's Legend (BO5) - LPL Play (p=0.83 vol=$119k)
[06:47:24]   RFQ create -> 200 {"rfq_id":"rfq-128d75f959505880565cd0f6","status":"AWAITING_REQUESTER_ACCEPTANCE","expires_at":1789282049677,"request":{"rfq_id":"rfq-128d75f959505880565cd0f6",
[06:47:24]   quote: cuota=1.4 blended=0.713 shares=12.76 total=$9.23
[06:47:24]   ⚖️ ventaja insuficiente: RFQ 1.4 vs mercado ~1.42 = EV -1.4% < 5% exigidos — NO se acepta ($0)
[06:47:24]   ❌ combo: ventaja_-1.4_insuficiente
[06:56:53] [AUTO] pasada (combos RFQ v11)
[06:56:53]   pagina 1: +50 mercados, 0 legs de deportes
[06:56:53]   pagina 2: +50 mercados, 2 legs de deportes
[06:56:54]   pagina 3: +50 mercados, 13 legs de deportes
[06:56:54]   pagina 4: +50 mercados, 56 legs de deportes
[06:56:55]   pagina 5: +50 mercados, 99 legs de deportes
[06:56:55] [COMBO] 2 legs · cuota est. 1.4 · stake $9.29 (AUTO)
[06:56:55]   · LoL: Gen.G vs Hanwha Life Esports - Game 2 Winner (p=0.84 vol=$1178k)
[06:56:55]   · Will FC Barcelona win on 2026-09-13? (p=0.84 vol=$500k)
[06:56:56]   RFQ create -> 200 {"rfq_id":"rfq-0a99644678f8fe22af210e7f","status":"AWAITING_REQUESTER_ACCEPTANCE","expires_at":1789282620972,"request":{"rfq_id":"rfq-0a99644678f8fe22af210e7f",
[06:56:56]   quote: cuota=1.24 blended=0.807 shares=11.40 total=$9.29
[06:56:56]   ⚖️ ventaja insuficiente: RFQ 1.24 vs mercado ~1.4 = EV -11.4% < 5% exigidos — NO se acepta ($0)
[06:57:26]   ❌ combo: ventaja_-11.4_insuficiente
[07:06:55] [AUTO] pasada (combos RFQ v11)
[07:06:55]   pagina 1: +50 mercados, 0 legs de deportes
[07:06:55]   pagina 2: +50 mercados, 1 legs de deportes
[07:06:56]   pagina 3: +50 mercados, 12 legs de deportes
[07:06:56]   pagina 4: +50 mercados, 56 legs de deportes
[07:06:57]   pagina 5: +50 mercados, 98 legs de deportes
[07:06:57] [COMBO] 2 legs · cuota est. 1.42 · stake $9.23 (AUTO)
[07:06:57]   · Will FC Barcelona win on 2026-09-13? (p=0.84 vol=$500k)
[07:06:57]   · LoL: Bilibili Gaming vs Anyone's Legend (BO5) - LPL Play (p=0.83 vol=$120k)
                                                                                                                                                                                                                                                                                                                                                                                                                                           [07:08:54] intervalo AUTO restaurado: 10 min
[07:08:54]   modo restaurado del estado: AUTO
[07:08:54] stake=AUTO · max ops/día=10 · prob AUTO ≥65% · PIN ops fijo (4 cifras)
[07:08:54]   horario restaurado: próxima pasada en 8 min
[07:08:54]   auto-curación: primera auditoría en 25s (después cada 4h)
[07:08:55]   verdad: 32 cobros REDEEM>0 por token + 84 por título (84 registros)
[07:08:55] v12.9.0 cargado · modo=AUTO · stake=AUTO $5-$10 (según cuota/ventaja) · max 10/día · prob ≥65%
[07:08:55] Proxy: http://100.83.57.99:8888
[07:09:05] Test proxy: FALLO
[07:09:05] v12.9.0 iniciado
[07:09:27]   [auditoria:auto] APLICADA reabiertas=0 corregidas=0 confirmadas=61 manuales=0 nuevas=0 sin_datos=0 · PnL archivadas -0.66→-0.66
[07:16:56] [AUTO] pasada (combos RFQ v11)
[07:16:56]   pagina 1: +50 mercados, 0 legs de deportes
[07:16:56]   pagina 2: +50 mercados, 1 legs de deportes
[07:16:57]   pagina 3: +50 mercados, 11 legs de deportes
[07:16:57]   pagina 4: +50 mercados, 55 legs de deportes
[07:16:57]   pagina 5: +50 mercados, 96 legs de deportes
[07:16:57] [COMBO] 2 legs · cuota est. 1.27 · stake $9.72 (AUTO)
[07:16:57]   · Will FC Barcelona win on 2026-09-13? (p=0.84 vol=$510k)
[07:16:57]   · Spread: Hawai'i (-7.5) (p=0.94 vol=$142k)
[07:16:59]   RFQ: identidad lista (signer 0x8a22F798... maker 0xb0E11970...)
[07:16:59]   RFQ create -> 200 {"rfq_id":"rfq-cd84327a42566573f1289973","status":"AWAITING_REQUESTER_ACCEPTANCE","expires_at":1789283824828,"request":{"rfq_id":"rfq-cd84327a42566573f1289973",
[07:16:59]   quote: cuota=1.29 blended=0.774 shares=12.42 total=$9.72
[07:16:59]   ⚖️ ventaja insuficiente: RFQ 1.29 vs mercado ~1.27 = EV +1.6% < 5% exigidos — NO se acepta ($0)
[07:16:59]   ❌ combo: ventaja_+1.6_insuficiente
[07:20:49] loop err: The read operation timed out
[07:25:37]   [copy] tope diario de señales (5) alcanzado
[07:26:57] [AUTO] pasada (combos RFQ v11)
[07:26:57]   pagina 1: +50 mercados, 0 legs de deportes
[07:26:58]   pagina 2: +50 mercados, 1 legs de deportes
[07:26:58]   pagina 3: +50 mercados, 11 legs de deportes
[07:26:58]   pagina 4: +50 mercados, 52 legs de deportes
[07:26:59]   pagina 5: +50 mercados, 94 legs de deportes
[07:26:59] [COMBO] 2 legs · cuota est. 1.42 · stake $9.23 (AUTO)
[07:26:59]   · Will FC Barcelona win on 2026-09-13? (p=0.84 vol=$525k)
[07:26:59]   · LoL: Bilibili Gaming vs Anyone's Legend (BO5) - LPL Play (p=0.83 vol=$132k)
[07:27:07]   RFQ create -> 200 {"rfq_id":"rfq-72c26ac754aafedaa8ceda16","status":"AWAITING_REQUESTER_ACCEPTANCE","expires_at":1789284432296,"request":{"rfq_id":"rfq-72c26ac754aafedaa8ceda16",
[07:27:07]   quote: cuota=1.4 blended=0.713 shares=12.76 total=$9.23
[07:27:07]   ⚖️ ventaja insuficiente: RFQ 1.4 vs mercado ~1.42 = EV -1.4% < 5% exigidos — NO se acepta ($0)
[07:27:07]   ❌ combo: ventaja_-1.4_insuficiente
[07:35:25] loop err: The read operation timed out
[07:37:00] [AUTO] pasada (combos RFQ v11)
[07:37:01]   pagina 1: +50 mercados, 0 legs de deportes
[07:37:01]   pagina 2: +50 mercados, 1 legs de deportes
[07:37:01]   pagina 3: +50 mercados, 12 legs de deportes
[07:37:02]   pagina 4: +50 mercados, 58 legs de deportes
[07:37:02]   pagina 5: +50 mercados, 101 legs de deportes
[07:37:02] [COMBO] 2 legs · cuota est. 1.42 · stake $9.23 (AUTO)
[07:37:02]   · Will FC Barcelona win on 2026-09-13? (p=0.84 vol=$525k)
[07:37:02]   · LoL: Bilibili Gaming vs Anyone's Legend (BO5) - LPL Play (p=0.83 vol=$132k)
[07:37:03]   RFQ create -> 200 {"rfq_id":"rfq-a46d4d31bc2da02f14848c8e","status":"AWAITING_REQUESTER_ACCEPTANCE","expires_at":1789285028533,"request":{"rfq_id":"rfq-a46d4d31bc2da02f14848c8e",
[07:37:03]   quote: cuota=1.41 blended=0.711 shares=12.79 total=$9.23
[07:37:03]   ⚖️ ventaja insuficiente: RFQ 1.41 vs mercado ~1.42 = EV -0.7% < 5% exigidos — NO se acepta ($0)
[07:37:33]   ❌ combo: ventaja_-0.7_insuficiente
[07:47:02] [AUTO] pasada (combos RFQ v11)
[07:47:03]   pagina 1: +50 mercados, 0 legs de deportes
[07:47:03]   pagina 2: +50 mercados, 1 legs de deportes
[07:47:04]   pagina 3: +50 mercados, 13 legs de deportes
[07:47:04]   pagina 4: +50 mercados, 60 legs de deportes
[07:47:04]   pagina 5: +50 mercados, 104 legs de deportes
[07:47:04] [COMBO] 2 legs · cuota est. 1.53 · stake $8.92 (AUTO)
[07:47:04]   · LoL: Gen.G vs Hanwha Life Esports - Game 3 Winner (p=0.78 vol=$791k)
[07:47:04]   · Will FC Barcelona win on 2026-09-13? (p=0.84 vol=$541k)
[07:47:05]   RFQ create -> 200 {"rfq_id":"rfq-9c1b0280ae601e63d0506ab0","status":"AWAITING_REQUESTER_ACCEPTANCE","expires_at":1789285630769,"request":{"rfq_id":"rfq-9c1b0280ae601e63d0506ab0",
[07:47:05]   quote: cuota=1.65 blended=0.604 shares=14.48 total=$8.92
[07:47:05]   stake AUTO ajustado con cuota real: $8.92 -> $9.82
[07:47:06]   saldo CLOB ok: $218.72 >= $8.92
[07:47:06]   RFQ accept -> 200 {"rfq_id":"rfq-9c1b0280ae601e63d0506ab0","status":"EXECUTING","taker_order_hash":"0x24f716274026251be27206f80e3d58e6b1af915128a16362261d35f38144a5f7"}

[07:47:16]   RFQ status final: CONFIRMED tx=0x1728289509ba9c516bea2a0c
[07:47:17]   ✅ combo OK: {'oid': 'rfq-9c1b0280ae601e63d0506ab0', 'status': 'CONFIRMED', 'cuota': 1.65}
[07:57:05] [AUTO] pasada (combos RFQ v11)
[07:57:05]   pagina 1: +50 mercados, 0 legs de deportes
[07:57:06]   pagina 2: +50 mercados, 1 legs de deportes
[07:57:06]   pagina 3: +50 mercados, 12 legs de deportes
[07:57:06]   pagina 4: +50 mercados, 59 legs de deportes
[07:57:07]   pagina 5: +50 mercados, 100 legs de deportes
[07:57:07] [COMBO] 2 legs · cuota est. 1.49 · stake $9.03 (AUTO)
[07:57:07]   · LoL: Gen.G vs Hanwha Life Esports (BO5) - LCK Playoffs (p=0.81 vol=$1868k)
[07:57:07]   · LoL: Bilibili Gaming vs Anyone's Legend (BO5) - LPL Play (p=0.83 vol=$140k)
[07:57:08]   RFQ create -> 200 {"rfq_id":"rfq-c2ee8c8ea9012df185da1e1a","status":"AWAITING_REQUESTER_ACCEPTANCE","expires_at":1789286232977,"request":{"rfq_id":"rfq-c2ee8c8ea9012df185da1e1a",
[07:57:08]   quote: cuota=1.45 blended=0.690 shares=12.89 total=$9.03
[07:57:08]   ⚖️ ventaja insuficiente: RFQ 1.45 vs mercado ~1.49 = EV -2.7% < 5% exigidos — NO se acepta ($0)
[07:57:08]   ❌ combo: ventaja_-2.7_insuficiente
[07:58:10] intervalo AUTO restaurado: 10 min
[07:58:10]   modo restaurado del estado: AUTO
[07:58:10] stake=AUTO · max ops/día=10 · prob AUTO ≥65% · PIN ops fijo (4 cifras)
[07:58:10]   horario restaurado: próxima pasada en 8 min
[07:58:10]   auto-curación: primera auditoría en 25s (después cada 4h)
[07:58:10]   v12.8.3: 488 fills reales de la wallet (evidencia de cadena)
[07:58:10]   verdad: 32 cobros REDEEM>0 por token + 84 por título (84 registros)
[07:58:10] v12.9.1 cargado · modo=AUTO · stake=AUTO $5-$10 (según cuota/ventaja) · max 10/día · prob ≥65%
[07:58:10] Proxy: http://100.83.57.99:8888
[07:58:11] Test proxy: 200
[07:58:11] v12.9.0 iniciado
[07:58:43]   [auditoria:auto] APLICADA reabiertas=0 corregidas=0 confirmadas=61 manuales=0 nuevas=0 sin_datos=0 · PnL archivadas -0.66→-0.66
[08:02:44]   [copy] tope diario de señales (5) alcanzado

--- errores recientes (tracebacks / telegram / RPC) ---
8969:[06:17:13]   ❌ combo: ventaja_-1.4_insuficiente
8974:[06:20:57]   [copy] sin actividad de 0x224a89db…: HTTP Error 429: Too Many Requests
8976:[06:20:57]   [copy] sin actividad de 0xf0318c32…: HTTP Error 429: Too Many Requests
8979:[06:20:59]   [copy] sin actividad de 0x0f6f76ce…: HTTP Error 429: Too Many Requests
8982:[06:21:00]   [copy] sin actividad de 0x3a8aa345…: HTTP Error 429: Too Many Requests
8984:[06:21:00]   [copy] sin actividad de 0x821dab05…: HTTP Error 429: Too Many Requests
8988:[06:21:02]   [copy] sin actividad de 0x5a218c7a…: HTTP Error 429: Too Many Requests
9005:[06:26:48]   ❌ combo: ventaja_-1.4_insuficiente
9022:[06:36:53]   ❌ combo: ventaja_-1.4_insuficiente
9035:[06:47:24]   ❌ combo: ventaja_-1.4_insuficiente
9048:[06:57:26]   ❌ combo: ventaja_-11.4_insuficiente
9082:[07:16:59]   ❌ combo: ventaja_+1.6_insuficiente
9097:[07:27:07]   ❌ combo: ventaja_-1.4_insuficiente
9111:[07:37:33]   ❌ combo: ventaja_-0.7_insuficiente
9141:[07:57:08]   ❌ combo: ventaja_-2.7_insuficiente
